,open,high,low,close,volume
2015-01-02,161.31,163.31,161.0,162.06,5525341
2015-01-05,161.27,161.27,159.19,159.51,4880389
2015-01-06,159.67,159.96,155.17,156.07,6145670
2015-01-07,157.2,157.2,154.03,155.05,4701015
2015-01-08,156.24,159.044,155.55,158.42,4240585
2015-01-09,158.42,160.34,157.25,159.11,4472701
2015-01-12,159.0,159.25,155.76,156.44,4187588
2015-01-13,157.26,159.97,155.68,156.81,4386989
2015-01-14,154.86,156.49,153.74,155.8,4689740
2015-01-15,156.69,156.97,154.16,154.57,4251698
2015-01-16,153.82,157.63,153.82,157.14,5756041
2015-01-20,156.7,157.33,154.03,156.95,8380815
2015-01-21,153.03,154.5,151.07,152.09,11896012
2015-01-22,151.94,155.72,151.76,155.39,6119523
2015-01-23,155.03,157.6,154.89,155.87,4834447
2015-01-26,158.26,159.46,155.77,156.36,7888037
2015-01-27,154.94,155.09,152.59,153.67,5659568
2015-01-28,154.0,154.53,151.55,151.55,4495633
2015-01-29,151.38,155.58,149.52,155.48,8320622
2015-01-30,153.91,155.24,153.04,153.31,6563447
2015-02-02,154.0,154.66,151.51,154.66,4712017
2015-02-03,154.75,158.6,154.75,158.47,5539406
2015-02-04,157.21,158.71,156.7,156.96,3678339
2015-02-05,157.29,158.59,157.1501,157.91,5253628
2015-02-06,157.34,158.08,156.23,156.72,3256440
2015-02-09,156.0,157.5,155.4,155.75,3057502
2015-02-10,156.74,158.56,155.08,158.56,4440614
2015-02-11,157.76,159.09,157.17,158.2,3626658
2015-02-12,158.72,159.5,158.09,158.52,3333063
2015-02-13,158.78,160.8,158.64,160.4,3706919
2015-02-17,159.75,161.41,159.73,160.96,2893590
2015-02-18,161.86,162.47,160.64,162.19,4358252
2015-02-19,162.05,164.49,161.44,163.89,3504269
2015-02-20,163.64,164.34,162.09,163.65,3352781
2015-02-23,164.23,164.4,162.5,162.91,2714434
2015-02-24,162.49,164.99,161.51,164.83,4701626
2015-02-25,164.94,164.96,162.58,162.81,4004559
2015-02-26,163.74,164.14,159.77,160.87,7110571
2015-02-27,161.05,162.29,160.16,161.94,4410037
2015-03-02,161.68,161.89,159.8101,160.48,5917812
2015-03-03,160.27,161.75,160.0,161.03,3234068
2015-03-04,160.54,160.56,158.72,159.42,3633335
2015-03-05,159.86,161.5,159.703,161.18,3791660
2015-03-06,160.19,161.44,158.06,158.5,4540174
2015-03-09,158.2,161.15,158.2,160.77,5193874
2015-03-10,159.6,160.23,157.81,157.81,4600968
2015-03-11,158.57,159.14,155.935,156.8,5709290
2015-03-12,156.27,158.72,156.27,157.98,4567346
2015-03-13,157.46,157.52,153.4,154.28,6063970
2015-03-16,155.05,157.09,154.8,157.08,3749638
2015-03-17,156.2,157.29,155.37,156.96,3311792
2015-03-18,156.85,160.7,155.8,159.81,5738466
2015-03-19,159.7,160.92,158.81,159.81,3878559
2015-03-20,160.95,163.0,160.35,162.88,9006417
2015-03-23,162.77,165.35,162.73,164.63,5929927
2015-03-24,164.79,164.89,162.9,163.0,4336706
2015-03-25,163.08,163.08,159.2,159.2,5428730
2015-03-26,159.27,161.25,158.91,160.59,4396024
2015-03-27,160.79,160.9,159.23,160.4,3477826
2015-03-30,161.31,163.6,161.25,162.67,4138018
2015-03-31,161.08,162.33,160.4,160.5,4255158
2015-04-01,160.23,160.62,158.39,159.18,3700791
2015-04-02,159.52,162.54,158.89,160.45,4671578
2015-04-06,159.69,162.8,158.702,162.04,3465681
2015-04-07,161.67,163.84,161.62,162.07,3147966
2015-04-08,161.72,163.55,161.01,161.85,2524323
2015-04-09,161.7,162.47,160.72,162.34,2263490
2015-04-10,162.34,163.33,161.25,162.86,2515603
2015-04-13,162.37,164.0,162.36,162.38,3868911
2015-04-14,162.42,162.7352,160.79,162.3,2719287
2015-04-15,162.63,164.96,162.5,164.13,3498756
2015-04-16,163.31,163.98,162.54,163.13,3136947
2015-04-17,161.75,161.86,160.03,160.67,4308880
2015-04-20,162.1,166.64,161.9,166.16,9609204
2015-04-21,166.07,167.38,164.05,164.26,9683592
2015-04-22,164.39,166.0,162.89,165.36,4024674
2015-04-23,165.23,171.91,165.14,170.24,8230392
2015-04-24,170.23,170.85,168.74,169.78,3888439
2015-04-27,170.89,171.49,170.3,170.73,3166588
2015-04-28,170.83,174.69,170.02,173.92,5816308
2015-04-29,173.4,175.1303,172.8,174.4,4517190
2015-04-30,173.77,174.28,170.3,171.29,5062613
2015-05-01,173.2,174.0,172.42,173.67,3312052
2015-05-04,174.47,176.3,173.7,173.97,4023850
2015-05-05,173.51,174.23,171.96,173.08,3593465
2015-05-06,172.9,174.05,168.86,170.05,3610900
2015-05-07,169.63,171.98,169.04,170.99,2472627
2015-05-08,172.94,173.33,172.24,172.68,3092599
2015-05-11,172.65,172.99,170.86,171.12,2661030
2015-05-12,170.55,171.4899,168.84,170.55,2961739
2015-05-13,171.24,172.74,170.75,172.28,2457521
2015-05-14,173.5,174.4,173.22,174.05,2438669
2015-05-15,173.91,174.41,172.6,173.26,2916115
2015-05-18,173.44,173.49,172.3,173.06,1970630
2015-05-19,172.97,173.75,171.93,173.48,2523002
2015-05-20,173.33,174.44,172.46,173.76,2300693
2015-05-21,173.32,174.14,173.035,173.34,2295590
2015-05-22,173.04,173.39,172.19,172.22,2849692
2015-05-26,172.11,172.12,169.13,170.13,3848738
2015-05-27,171.16,172.48,170.49,172.0,2764378
2015-05-28,171.45,171.84,170.66,171.71,1731372
2015-05-29,171.35,171.35,169.65,169.65,4091431
2015-06-01,170.21,171.04,169.03,170.18,2985479
2015-06-02,169.66,170.45,168.43,169.65,2571762
2015-06-03,170.5,171.5601,169.63,169.92,2131031
2015-06-04,169.53,170.6,167.93,168.38,3079334
2015-06-05,168.25,168.9103,167.2,167.4,3100505
2015-06-08,167.17,167.28,165.02,165.34,3758726
2015-06-09,165.34,166.02,163.37,165.68,3395901
2015-06-10,166.49,169.39,166.06,168.92,4680545
2015-06-11,169.26,170.44,168.54,168.78,3464013
2015-06-12,168.23,168.3,166.69,166.99,3065085
2015-06-15,165.33,166.44,164.25,166.26,4245657
2015-06-16,166.33,167.4,165.91,166.84,3249842
2015-06-17,167.0,167.8476,166.1,167.17,2862993
2015-06-18,167.05,168.72,167.05,168.25,3330864
2015-06-19,167.62,168.42,166.77,166.99,7072020
2015-06-22,167.65,168.34,167.2,167.73,2335796
2015-06-23,168.38,169.97,167.573,168.62,3701637
2015-06-24,168.71,168.84,166.8301,166.97,3548079
2015-06-25,167.8,168.13,166.08,166.08,2408780
2015-06-26,166.23,166.8116,165.23,165.46,8945485
2015-06-29,163.92,165.35,162.89,162.97,3314679
2015-06-30,163.99,164.0,162.12,162.66,3597288
2015-07-01,163.97,165.61,163.6,164.49,3214547
2015-07-02,165.05,165.32,164.42,165.09,2852696
2015-07-06,163.83,165.23,163.52,164.73,3079782
2015-07-07,164.94,165.35,162.2317,165.0,3549861
2015-07-08,164.0,164.94,162.68,163.16,2776286
2015-07-09,165.34,165.51,163.7,163.85,4199708
2015-07-10,165.66,167.4,165.515,166.95,4538349
2015-07-13,167.93,169.89,167.52,169.38,4228963
2015-07-14,169.43,169.54,168.24,168.61,3025263
2015-07-15,168.48,169.27,168.0,168.53,1998004
2015-07-16,169.47,171.09,169.16,171.0,3529874
2015-07-17,170.33,172.52,170.1,172.51,4356391
2015-07-20,172.79,173.78,172.14,173.22,7335491
2015-07-21,164.34,166.35,162.02,163.07,13747503
2015-07-22,162.73,163.0695,159.7,160.35,7180385
2015-07-23,160.27,162.75,159.83,161.73,5034246
2015-07-24,161.29,161.93,159.41,159.75,3777631
2015-07-27,159.0,160.18,158.6,159.07,3706240
2015-07-28,159.91,160.19,158.5,160.05,2720890
2015-07-29,160.0,161.5,159.39,161.09,3378396
2015-07-30,160.5,161.4,159.75,160.96,1994660
2015-07-31,161.4,162.06,160.63,161.99,3580226
2015-08-03,161.7,161.85,157.9,158.71,4615511
2015-08-04,158.4,158.82,156.87,157.6,5260575
2015-08-05,159.1,159.54,157.48,157.9,3463034
2015-08-06,157.13,157.54,156.18,156.32,3004487
2015-08-07,155.89,156.25,154.335,155.12,3794897
2015-08-10,156.77,157.4652,156.12,156.75,4613371
2015-08-11,155.96,155.99,154.86,155.51,3167111
2015-08-12,154.26,156.52,153.95,156.16,3624852
2015-08-13,156.06,156.09,154.3171,155.07,2533318
2015-08-14,155.0,156.21,154.58,155.75,3226434
2015-08-17,155.2,156.69,154.7,156.31,2249554
2015-08-18,155.51,156.52,155.25,156.01,2018337
2015-08-19,155.15,155.67,153.41,153.94,4205904
2015-08-20,152.74,153.91,152.5,152.66,4011514
2015-08-21,151.5,153.19,148.7,148.85,7360898
2015-08-24,143.47,147.76,142.32,143.47,10186817
2015-08-25,146.94,147.11,140.62,140.96,7071869
2015-08-26,144.09,146.98,142.14,146.7,6197229
2015-08-27,148.63,148.97,145.66,148.54,4975966
2015-08-28,147.75,148.2,147.18,147.98,4076211
2015-08-31,147.26,148.4,146.26,147.89,4093078
2015-09-01,144.84,144.98,141.85,142.68,5271696
2015-09-02,144.92,145.08,143.18,145.05,4251778
2015-09-03,146.05,148.03,145.77,146.78,3603518
2015-09-04,144.57,145.4,143.32,143.7,4201068
2015-09-08,145.86,147.34,145.66,147.23,3933010
2015-09-09,148.74,149.04,144.85,145.05,3407761
2015-09-10,145.85,147.16,144.51,146.2,3461658
2015-09-11,145.91,147.5,145.67,147.37,3113953
2015-09-14,147.37,147.37,145.41,145.65,3226747
2015-09-15,146.6,147.93,145.76,147.53,2717060
2015-09-16,147.84,148.89,147.54,148.41,2799222
2015-09-17,148.1,149.68,147.3,148.14,4002952
2015-09-18,146.05,146.385,143.98,144.51,7975845
2015-09-21,145.39,146.98,144.92,146.48,3824858
2015-09-22,144.62,145.06,143.7699,144.43,3564015
2015-09-23,144.21,144.57,142.75,143.66,2674225
2015-09-24,142.6,145.07,141.95,144.41,3278207
2015-09-25,145.55,146.27,144.53,145.42,3474279
2015-09-28,144.42,145.38,142.47,142.52,4292421
2015-09-29,141.99,142.66,141.1501,142.47,4763509
2015-09-30,143.69,145.71,143.66,144.97,3923866
2015-10-01,145.31,145.67,141.59,143.59,3880747
2015-10-02,141.05,144.59,140.56,144.58,3053928
2015-10-05,145.82,149.8925,145.82,149.04,5131669
2015-10-06,149.06,150.15,148.49,148.78,3018074
2015-10-07,150.04,150.73,148.8565,150.09,2989915
2015-10-08,149.69,153.019,149.29,152.28,4794357
2015-10-09,152.46,153.147,151.27,152.39,3531107
2015-10-12,152.4,152.58,150.85,151.14,3227636
2015-10-13,150.78,150.78,149.18,149.62,3915707
2015-10-14,149.6,150.65,149.02,150.01,3352327
2015-10-15,150.91,151.24,148.58,150.09,3476219
2015-10-16,150.45,151.2,149.26,150.39,3483599
2015-10-19,149.85,149.97,148.38,149.22,7954684
2015-10-20,142.49,142.88,140.27,140.64,16025591
2015-10-21,140.25,142.66,139.3,140.92,7134526
2015-10-22,141.74,145.07,141.62,144.09,5583076
2015-10-23,144.61,145.49,143.7,144.68,5370439
2015-10-26,144.75,145.0,143.21,143.66,3489428
2015-10-27,143.51,143.83,137.33,137.86,15005072
2015-10-28,137.92,141.23,137.5,140.83,8510027
2015-10-29,140.36,140.82,139.0201,140.55,3710245
2015-10-30,140.44,141.33,139.9,140.08,3983990
2015-11-02,140.5,140.5165,139.57,140.37,3822212
2015-11-03,140.02,142.8,139.9,141.88,4349317
2015-11-04,142.55,142.65,141.3,141.63,3516890
2015-11-05,141.61,142.38,139.63,139.89,5093471
2015-11-06,138.6,139.55,137.87,138.25,4744493
2015-11-09,137.92,138.08,134.88,135.31,8074476
2015-11-10,135.36,135.735,134.12,135.47,4520387
2015-11-11,136.09,136.2,134.5,135.02,3164806
2015-11-12,134.7,134.7,133.01,133.04,4700465
2015-11-13,132.95,133.0,131.65,131.75,4609621
2015-11-16,131.79,134.09,131.79,133.71,4190777
2015-11-17,134.22,134.82,133.31,133.82,2814487
2015-11-18,134.79,135.91,134.26,135.82,4148771
2015-11-19,136.21,137.7355,136.01,136.74,4753503
2015-11-20,137.37,138.915,137.25,138.5,5176255
2015-11-23,138.53,138.87,137.12,138.46,5137872
2015-11-24,137.65,139.34,137.31,138.6,3407603
2015-11-25,138.37,138.43,137.375,138.0,3238166
2015-11-27,138.0,138.81,137.21,138.46,1415840
2015-11-30,138.61,139.9,138.52,139.42,4542014
2015-12-01,139.58,141.4,139.58,141.28,4195119
2015-12-02,140.93,141.21,139.5,139.7,3725193
2015-12-03,140.1,140.73,138.19,138.92,5905763
2015-12-04,138.09,141.02,137.99,140.43,4567752
2015-12-07,140.16,140.41,138.81,139.55,3279300
2015-12-08,138.28,139.06,137.53,138.05,3904755
2015-12-09,137.38,139.84,136.23,136.61,4614993
2015-12-10,137.03,137.85,135.7201,136.78,4221948
2015-12-11,135.23,135.44,133.91,134.57,5333567
2015-12-14,135.31,136.14,134.02,135.93,5141549
2015-12-15,137.4,138.97,137.28,137.79,4238546
2015-12-16,139.12,139.65,137.79,139.29,4345474
2015-12-17,139.35,139.5,136.3075,136.75,4089539
2015-12-18,136.41,136.96,134.27,134.9,10008280
2015-12-21,135.83,135.83,134.02,135.5,5616636
2015-12-22,135.88,138.19,135.65,137.93,4263538
2015-12-23,138.3,139.305,138.11,138.54,5164909
2015-12-24,138.43,138.88,138.11,138.25,1495226
2015-12-28,137.74,138.045,136.54,137.61,3143412
2015-12-29,138.25,140.06,138.2,139.78,3943691
2015-12-30,139.58,140.44,139.22,139.34,2989367
2015-12-31,139.07,139.1,137.57,137.62,3462037
2016-01-04,135.6,135.97,134.24,135.95,5229231
2016-01-05,136.76,136.89,134.8501,135.85,3924785
2016-01-06,134.38,135.58,133.62,135.17,4310774
2016-01-07,133.7,135.02,132.43,132.86,7024500
2016-01-08,133.18,133.816,131.32,131.63,4762583
2016-01-11,131.81,133.82,131.76,133.23,4974236
2016-01-12,133.65,133.78,131.13,132.9,5078360
2016-01-13,133.5,134.2799,131.1,131.17,4700115
2016-01-14,131.93,133.79,131.22,132.91,5709426
2016-01-15,130.01,130.88,128.87,130.03,9007945
2016-01-19,130.11,132.1,128.06,128.11,9955973
2016-01-20,118.46,123.99,118.0,121.86,16157769
2016-01-21,121.3,125.1,120.5751,122.91,8851531
2016-01-22,124.67,124.74,121.77,122.5,9238219
2016-01-25,122.1,124.23,121.64,122.08,5445560
2016-01-26,122.25,123.61,122.24,122.59,4617414
2016-01-27,122.73,123.37,120.65,120.96,5025161
2016-01-28,121.26,122.83,121.01,122.22,3942537
2016-01-29,123.28,124.79,122.96,124.79,8248077
2016-02-01,124.4,125.29,123.71,124.83,3574834
2016-02-02,123.67,124.14,122.64,122.94,3287218
2016-02-03,123.99,125.4499,122.29,124.72,6223424
2016-02-04,125.08,128.5,125.0,127.65,5265650
2016-02-05,127.22,128.64,125.85,128.57,7176765
2016-02-08,126.0,127.51,124.13,126.98,7363893
2016-02-09,126.12,126.93,123.77,124.07,5956138
2016-02-10,125.0,125.29,119.84,120.19,6462375
2016-02-11,118.78,119.66,116.901,117.85,7307503
2016-02-12,119.26,121.05,118.35,121.04,4935670
2016-02-16,121.83,123.09,121.34,122.74,4061066
2016-02-17,123.71,126.57,123.25,126.1,4820982
2016-02-18,130.0,134.0,129.75,132.45,9951438
2016-02-19,132.36,133.65,130.84,133.08,5125276
2016-02-22,133.84,134.31,132.41,133.77,4457444
2016-02-23,133.14,133.41,132.01,132.4,3439631
2016-02-24,131.55,133.49,129.68,132.8,4122421
2016-02-25,133.29,134.51,130.88,134.5,4358205
2016-02-26,134.51,134.92,131.95,132.03,4385699
2016-02-29,132.0,133.36,130.9,131.03,4427472
2016-03-01,132.24,134.64,132.03,134.37,3788084
2016-03-02,133.7,137.44,133.22,136.3,5217230
2016-03-03,137.22,137.9602,136.07,137.8,5155978
2016-03-04,137.535,139.42,137.02,137.8,3968423
2016-03-07,137.28,140.51,136.8718,140.15,5170228
2016-03-08,139.71,140.35,137.42,139.07,5537856
2016-03-09,139.31,142.17,139.23,140.41,4406304
2016-03-10,141.24,141.47,138.09,140.19,4020024
2016-03-11,141.73,142.9236,140.51,142.36,4421748
2016-03-14,142.01,143.19,141.04,142.78,4047634
2016-03-15,141.74,143.33,141.54,142.96,3707538
2016-03-16,142.62,144.88,142.11,144.79,4221939
2016-03-17,144.78,147.32,144.45,147.04,5821180
2016-03-18,147.4,147.51,145.51,147.09,12088126
2016-03-21,147.3,148.71,146.7201,148.63,3721463
2016-03-22,148.06,149.28,147.84,148.1,4081924
2016-03-23,148.0,148.03,145.13,145.4,4763987
2016-03-24,144.98,148.22,144.49,147.95,5044335
2016-03-28,147.75,148.65,147.23,148.4,3265084
2016-03-29,147.59,149.76,147.5,149.33,3138545
2016-03-30,149.95,150.41,148.32,148.41,3330841
2016-03-31,149.79,153.1,149.36,151.45,6780132
2016-04-01,150.51,152.96,150.25,152.52,3925181
2016-04-04,152.34,153.52,151.91,152.07,3930319
2016-04-05,151.43,151.6,149.65,150.0,3336952
2016-04-06,149.9,150.15,147.81,150.02,4194265
2016-04-07,149.07,149.6,148.0,148.25,3662508
2016-04-08,149.06,149.99,148.12,149.35,3293512
2016-04-11,150.26,151.95,149.22,149.25,3845918
2016-04-12,149.61,150.11,148.58,149.63,3595549
2016-04-13,150.75,151.23,149.63,151.23,3167970
2016-04-14,151.5,152.76,150.38,151.16,3176300
2016-04-15,151.04,152.1,150.96,151.72,3657466
2016-04-18,151.75,153.14,151.49,152.53,6538819
2016-04-19,146.47,146.95,142.61,144.0,13188308
2016-04-20,144.24,147.2,144.0,146.11,6754189
2016-04-21,146.58,150.12,146.46,149.3,6015526
2016-04-22,149.44,151.0,147.5,148.5,5191802
2016-04-25,148.16,148.9,147.11,148.81,2848935
2016-04-26,148.65,149.79,147.9,149.08,2979699
2016-04-27,149.35,150.78,148.97,150.47,3110789
2016-04-28,149.75,150.18,146.725,147.07,3791337
2016-04-29,146.49,147.34,144.191,145.94,4225790
2016-05-02,146.56,147.0,144.43,145.27,3502443
2016-05-03,144.65,144.9,142.9,144.13,3584261
2016-05-04,143.36,145.0,143.31,144.25,2576786
2016-05-05,145.95,147.3,145.45,146.47,6500738
2016-05-06,144.86,147.97,144.47,147.29,4895684
2016-05-09,147.7,148.2,147.01,147.34,4302425
2016-05-10,148.24,150.04,147.74,149.97,3992536
2016-05-11,149.71,151.09,148.74,148.95,3092408
2016-05-12,149.21,149.39,147.11,148.84,3249032
2016-05-13,148.79,149.86,147.42,147.72,2397902
2016-05-16,147.65,149.99,147.44,149.46,3069126
2016-05-17,149.21,149.5,147.29,148.0,3490374
2016-05-18,147.99,148.52,146.36,147.34,2491086
2016-05-19,146.48,146.93,143.955,144.93,3685595
2016-05-20,145.71,147.51,145.55,147.25,3670262
2016-05-23,147.61,147.95,146.66,146.77,2103733
2016-05-24,146.88,148.75,146.88,148.31,2929132
2016-05-25,148.93,152.09,148.5001,151.69,4358039
2016-05-26,151.55,152.51,151.05,152.44,3062934
2016-05-27,152.35,152.93,152.15,152.84,2457037
2016-05-31,152.56,153.81,152.27,153.74,5836645
2016-06-01,153.0,153.27,151.54,152.51,2662937
2016-06-02,152.59,153.5,152.12,153.5,2642601
2016-06-03,152.4,153.04,151.7,152.89,2328056
2016-06-06,153.09,153.95,152.34,152.73,2378462
2016-06-07,153.31,153.93,152.66,153.33,4464985
2016-06-08,153.53,154.09,153.04,154.0,2935036
2016-06-09,152.92,153.76,152.73,153.42,2021796
2016-06-10,152.79,153.3299,151.86,152.37,3120563
2016-06-13,151.63,152.5,150.28,151.28,3610407
2016-06-14,151.28,151.79,150.4,151.06,2865833
2016-06-15,151.46,151.7925,150.6,150.68,2260406
2016-06-16,150.19,151.295,149.0,151.06,2449064
2016-06-17,150.96,152.72,150.6044,151.99,4663870
2016-06-20,152.6,154.67,152.52,153.61,3572102
2016-06-21,154.16,154.5689,153.69,154.05,2760344
2016-06-22,153.75,154.71,152.27,152.92,2833364
2016-06-23,153.45,155.48,152.6,155.35,3967419
2016-06-24,149.97,150.61,146.18,146.59,9081182
2016-06-27,146.18,146.6,142.5,143.5,5166665
2016-06-28,144.78,145.73,144.22,145.7,3996007
2016-06-29,146.5,148.48,146.45,148.46,3367736
2016-06-30,148.86,151.91,148.67,151.78,3967126
2016-07-01,152.19,152.97,151.4,152.35,2658280
2016-07-05,151.19,152.0,150.76,151.68,2464820
2016-07-06,151.85,152.41,149.92,152.37,2569393
2016-07-07,152.75,153.6891,151.89,152.6,2138421
2016-07-08,154.0,154.6,153.08,154.46,3040593
2016-07-11,154.6,156.04,154.5,155.33,2833612
2016-07-12,156.0,157.12,155.52,157.04,3843773
2016-07-13,157.75,158.34,157.06,158.02,2746089
2016-07-14,158.81,161.4,158.58,160.28,4637624
2016-07-15,159.9,159.98,158.5,159.78,4474358
2016-07-18,159.3,160.75,158.73,159.86,6716340
2016-07-19,161.78,162.14,157.89,159.58,7119917
2016-07-20,159.97,161.71,159.6,161.36,4373609
2016-07-21,160.75,161.85,159.89,160.45,4046030
2016-07-22,160.78,162.17,160.479,162.07,2520077
2016-07-25,162.0,162.88,161.75,162.65,2804578
2016-07-26,162.65,163.6,161.37,162.12,2892969
2016-07-27,162.12,162.57,161.18,161.83,2162680
2016-07-28,161.38,161.81,160.71,161.37,2340369
2016-07-29,161.36,161.67,160.03,160.62,3547395
2016-08-01,160.65,161.65,159.84,161.45,2823578
2016-08-02,161.27,161.4499,160.36,160.58,3080899
2016-08-03,160.13,160.86,159.8,160.67,2861558
2016-08-04,160.86,161.7,160.12,161.55,2488878
2016-08-05,162.0,163.51,161.57,163.5,3812370
2016-08-08,162.73,163.27,161.58,162.04,3039081
2016-08-09,162.22,162.772,161.645,161.77,2737530
2016-08-10,162.19,162.66,161.955,162.08,2466675
2016-08-11,162.25,164.95,162.18,163.53,8768585
2016-08-12,163.19,163.46,161.52,161.95,2543079
2016-08-15,162.4,162.97,161.78,161.88,2970415
2016-08-16,161.11,161.93,160.69,160.7,2210229
2016-08-17,160.97,161.16,159.84,160.44,3225919
2016-08-18,160.89,162.0,160.4401,161.36,3652013
2016-08-19,160.84,160.91,159.52,160.04,2815163
2016-08-22,160.0,160.57,159.13,160.0,2039331
2016-08-23,160.33,161.34,160.23,160.26,2838137
2016-08-24,159.89,160.18,158.32,159.05,3620365
2016-08-25,159.0,159.54,158.42,158.63,2575023
2016-08-26,158.88,160.44,157.85,158.32,2498909
2016-08-29,158.83,160.21,158.5,159.72,2475853
2016-08-30,159.76,160.15,158.81,159.4,1813343
2016-08-31,159.66,159.66,158.26,158.88,2323649
2016-09-01,158.32,159.62,158.1,159.54,2358385
2016-09-02,159.88,160.57,159.15,159.55,2315366
2016-09-06,159.88,160.86,159.11,160.35,2994056
2016-09-07,160.19,161.76,160.0,161.64,2866227
2016-09-08,160.55,161.21,158.76,159.0,3963164
2016-09-09,158.03,158.4,155.65,155.69,5185972
2016-09-12,155.26,158.53,154.84,158.29,4367529
2016-09-13,157.63,157.93,155.5,155.81,3636719
2016-09-14,155.7,155.87,153.39,154.05,3860553
2016-09-15,154.3,156.33,153.21,155.66,3662573
2016-09-16,155.04,155.4,153.47,153.84,6463213
2016-09-19,154.87,156.19,154.55,154.87,2450117
2016-09-20,155.87,156.57,154.45,154.45,2159092
2016-09-21,154.91,155.68,153.87,155.53,2473895
2016-09-22,156.15,157.22,155.69,156.11,2690915
2016-09-23,155.62,156.04,154.71,154.98,2702143
2016-09-26,154.46,154.46,153.46,153.98,2533325
2016-09-27,154.32,156.77,153.81,156.77,2987195
2016-09-28,156.99,158.625,156.23,158.29,3309408
2016-09-29,158.63,165.0,157.46,158.11,3374838
2016-09-30,158.9,159.838,158.06,158.85,3596878
2016-10-03,158.06,158.37,157.02,157.61,2227800
2016-10-04,157.67,158.53,155.82,156.46,2884146
2016-10-05,157.07,157.83,156.72,157.08,1684458
2016-10-06,156.84,157.43,155.89,156.88,1950106
2016-10-07,157.14,157.7,154.86,155.67,2671256
2016-10-10,156.71,158.49,156.655,157.02,2481288
2016-10-11,156.73,156.95,153.89,154.79,2901226
2016-10-12,154.97,154.97,153.08,154.29,2963843
2016-10-13,153.7,154.22,152.27,153.72,2909948
2016-10-14,154.47,155.53,154.09,154.45,4358147
2016-10-17,154.45,155.89,154.34,154.77,5890421
2016-10-18,150.02,151.0,147.79,150.72,12770570
2016-10-19,151.27,152.45,150.83,151.26,4632854
2016-10-20,151.28,152.9,151.02,151.52,4023075
2016-10-21,150.58,151.15,149.56,149.63,4414171
2016-10-24,150.4,151.52,150.4,150.57,2666740
2016-10-25,150.69,151.16,149.83,150.88,2647416
2016-10-26,150.71,152.94,150.255,151.81,2811421
2016-10-27,152.82,154.06,152.02,153.35,4229336
2016-10-28,154.05,154.44,152.18,152.61,3654446
2016-10-31,152.76,154.33,152.76,153.69,3553172
2016-11-01,153.5,153.91,151.74,152.79,3191924
2016-11-02,152.48,153.345,151.67,151.95,3074338
2016-11-03,152.51,153.74,151.8,152.37,2878728
2016-11-04,152.4,153.64,151.87,152.43,2470353
2016-11-07,153.99,156.11,153.84,155.72,3804943
2016-11-08,154.56,155.93,153.06,155.17,3921044
2016-11-09,152.96,155.56,151.0,154.81,5403688
2016-11-10,157.66,161.16,157.59,160.22,7715807
2016-11-11,159.97,161.34,159.33,161.27,4446630
2016-11-14,161.25,161.86,157.58,158.21,5196498
2016-11-15,158.42,159.15,157.55,158.67,3476996
2016-11-16,158.46,159.55,158.03,159.29,2252806
2016-11-17,159.22,159.93,158.85,159.8,2260984
2016-11-18,159.8,160.72,159.21,160.39,2981633
2016-11-21,160.69,163.0,160.3697,162.77,4637097
2016-11-22,163.0,163.0,161.95,162.67,2770736
2016-11-23,161.94,162.38,161.3557,161.98,2256035
2016-11-25,161.83,163.19,161.83,163.14,1605344
2016-11-28,163.2,164.66,162.7,164.52,4449355
2016-11-29,164.0,164.41,163.03,163.53,3148196
2016-11-30,163.35,163.8,162.21,162.22,4397777
2016-12-01,161.95,162.195,158.3,159.82,4634740
2016-12-02,159.0,160.29,158.41,160.02,2740782
2016-12-05,160.85,161.15,159.5875,159.84,3447052
2016-12-06,160.13,160.79,158.93,160.35,2858962
2016-12-07,160.6,165.18,160.39,164.79,4435050
2016-12-08,164.87,166.0,164.22,165.36,3266336
2016-12-09,165.18,166.72,164.6042,166.52,3146930
2016-12-12,166.72,166.79,165.07,165.5,3392030
2016-12-13,165.68,169.952,165.68,168.29,5932271
2016-12-14,168.37,169.89,167.45,168.51,4123821
2016-12-15,168.01,169.85,167.78,168.02,3388570
2016-12-16,168.97,169.11,166.06,166.73,7117050
2016-12-19,166.83,167.26,166.0,166.68,2955864
2016-12-20,167.49,168.25,166.45,167.6,2174569
2016-12-21,166.25,167.94,165.25,167.33,3575210
2016-12-22,167.36,168.23,166.58,167.06,2802631
2016-12-23,167.0,167.49,166.45,166.71,1701228
2016-12-27,166.98,167.98,166.85,167.14,1397455
2016-12-28,167.29,167.74,166.0,166.19,1757500
2016-12-29,166.02,166.99,166.0,166.6,1663542
2016-12-30,166.44,166.7,165.5,165.99,2952200
2017-01-03,167.0,167.87,166.01,167.19,2934299
2017-01-04,167.77,169.87,167.36,169.26,3381232
2017-01-05,169.25,169.39,167.26,168.7,2682181
2017-01-06,168.69,169.92,167.52,169.53,2945536
2017-01-09,169.47,169.8,167.62,167.65,3189413
2017-01-10,167.98,168.09,165.34,165.52,4118694
2017-01-11,166.05,167.76,165.6,167.75,3599464
2017-01-12,167.77,168.01,165.56,167.95,2927953
2017-01-13,167.97,168.48,166.875,167.34,2875319
2017-01-17,166.69,168.18,166.1201,167.89,3315655
2017-01-18,167.45,168.59,166.69,166.8,4005626
2017-01-19,166.96,167.45,165.8,166.81,6963386
2017-01-20,167.81,170.64,166.0,170.55,12606847
2017-01-23,170.08,171.25,170.01,171.03,5477314
2017-01-24,171.36,176.0,171.16,175.9,6952369
2017-01-25,176.26,179.25,176.13,178.29,5922462
2017-01-26,178.06,178.88,177.51,178.66,3063911
2017-01-27,178.47,179.2,177.3,177.3,3482105
2017-01-30,176.98,177.07,174.5768,175.8,4093555
2017-01-31,175.05,175.58,173.61,174.52,4134049
2017-02-01,175.0,175.7025,172.89,174.29,2795445
2017-02-02,174.23,174.97,173.55,174.58,2620526
2017-02-03,175.0,176.34,174.89,175.82,3309179
2017-02-06,175.31,175.98,174.38,175.86,2650509
2017-02-07,176.0,178.62,175.9,178.46,3873233
2017-02-08,177.5,177.5,175.88,176.17,2913126
2017-02-09,176.17,177.8,175.91,177.21,3090710
2017-02-10,177.37,178.8701,176.76,178.68,2930710
2017-02-13,179.24,179.9,178.84,179.36,3093372
2017-02-14,178.57,180.13,178.35,180.13,2775818
2017-02-15,180.2,181.92,179.81,181.68,2914292
2017-02-16,181.45,182.79,180.87,181.43,3251547
2017-02-17,181.25,181.57,180.0,180.67,3552305
2017-02-21,180.6,180.79,179.12,180.26,4480199
2017-02-22,180.09,181.34,180.09,181.15,3020540
2017-02-23,182.0,182.5,180.92,181.65,2282526
2017-02-24,180.21,181.49,179.89,181.35,3299019
2017-02-27,181.19,181.25,179.28,179.4,3691209
2017-02-28,179.38,180.63,179.35,179.82,3273335
2017-03-01,180.48,182.55,180.03,181.95,3005564
2017-03-02,181.88,181.88,180.43,180.53,2918153
2017-03-03,180.04,181.32,179.7649,180.05,1825048
2017-03-06,179.72,180.99,179.57,180.47,3204434
2017-03-07,180.71,181.29,180.1997,180.38,2977596
2017-03-08,180.75,180.95,179.3,179.45,3557396
2017-03-09,179.15,179.25,175.88,177.18,5444076
2017-03-10,178.21,179.49,177.42,177.83,3100116
2017-03-13,177.85,178.06,176.415,176.46,3482189
2017-03-14,176.18,176.82,175.211,175.72,3147497
2017-03-15,175.71,176.28,174.75,175.81,3815537
2017-03-16,178.46,179.0,176.82,177.24,4311848
2017-03-17,176.29,176.79,175.65,175.65,5920967
2017-03-20,175.65,176.18,175.14,175.7,2476125
2017-03-21,176.01,176.23,173.84,173.88,3927741
2017-03-22,174.04,175.06,172.8,174.78,3450512
2017-03-23,174.43,175.67,173.56,174.82,3739976
2017-03-24,175.12,175.5,173.39,173.83,3221672
2017-03-27,172.69,174.16,172.0937,173.77,3259049
2017-03-28,173.94,175.0,173.0,174.51,3523345
2017-03-29,174.3,174.49,173.46,173.94,3085606
2017-03-30,173.86,174.59,173.69,173.86,3168254
2017-03-31,173.98,174.95,173.69,174.14,2913684
2017-04-03,173.82,174.87,173.38,174.5,4286498
2017-04-04,173.52,174.96,173.26,174.52,3108855
2017-04-05,174.7,176.33,172.81,172.88,6238894
2017-04-06,173.47,173.47,172.25,172.45,3435403
2017-04-07,172.08,172.93,171.28,172.14,3588302
2017-04-10,172.53,172.56,171.0,171.2,3789936
2017-04-11,170.65,171.23,168.98,170.58,4890163
2017-04-12,171.04,171.2,170.02,170.66,3276931
2017-04-13,169.92,171.36,169.53,169.53,3205462
2017-04-17,169.75,171.3,169.62,171.1,3720218
2017-04-18,170.79,171.69,169.83,170.05,6345465
2017-04-19,161.76,162.64,159.6,161.69,192843
2017-04-20,161.32,162.4,160.5,162.3,6486809
2017-04-21,162.05,162.11,160.38,160.38,5607756
2017-04-24,161.29,161.57,160.42,160.75,5320608
2017-04-25,161.78,162.04,160.38,160.39,4842189
2017-04-26,160.53,161.1,159.89,160.06,4311484
2017-04-27,160.29,160.48,159.63,160.32,4081640
2017-04-28,160.5,160.59,159.7,160.29,4029533
2017-05-01,160.05,160.42,158.7,158.84,4919710
2017-05-02,159.44,159.49,158.64,159.1,3149949
2017-05-03,158.74,159.45,158.52,158.63,3990429
2017-05-04,158.89,159.14,158.36,159.05,4271669
2017-05-05,153.52,155.78,153.0,155.05,12415240
2017-05-08,152.8,153.47,152.2,153.03,7415765
2017-05-09,152.6,153.1,151.5552,152.11,6823015
2017-05-10,151.651,152.37,151.13,151.25,4995590
2017-05-11,151.05,151.15,149.79,150.65,5546379
2017-05-12,150.3,151.265,150.0,150.37,3651964
2017-05-15,150.62,151.83,150.4502,151.51,4218359
2017-05-16,151.66,153.99,151.66,153.68,5452539
2017-05-17,153.3,154.14,150.89,150.93,5048937
2017-05-18,150.86,151.33,150.11,150.78,3268772
2017-05-19,151.01,152.46,150.89,151.98,5617824
2017-05-22,152.1,152.84,151.5992,152.64,3248372
2017-05-23,152.57,153.68,151.92,152.03,2563975
2017-05-24,152.21,152.76,151.23,152.51,3731333
2017-05-25,153.25,153.73,152.9459,153.2,2579828
2017-05-26,152.85,153.0,152.06,152.49,2440117
2017-05-30,151.95,152.67,151.59,151.73,3609710
2017-05-31,152.03,152.8,151.65,152.63,3496466
2017-06-01,152.8,152.87,151.63,152.67,2904189
2017-06-02,153.07,153.2,151.8,152.05,3573193
2017-06-05,151.82,152.93,151.6826,152.41,3971157
2017-06-06,152.0,152.89,152.0,152.37,3786593
2017-06-07,153.05,154.2,150.8,150.98,4858631
2017-06-08,151.0,152.82,150.92,152.1,3681319
2017-06-09,152.0,154.265,151.88,154.1,4355401
2017-06-12,154.19,157.2,154.02,155.18,6461725
2017-06-13,155.44,155.48,154.15,154.25,3509558
2017-06-14,153.97,154.9399,152.94,153.81,3035864
2017-06-15,153.29,154.69,153.29,154.22,4626272
2017-06-16,154.23,155.42,152.9676,155.38,6128190
2017-06-19,155.51,155.86,154.54,154.84,4381436
2017-06-20,154.48,155.389,154.25,154.95,4469538
2017-06-21,155.79,155.79,153.39,153.79,3934281
2017-06-22,154.55,154.99,153.69,154.4,2361275
2017-06-23,154.34,154.68,153.8,154.11,3148468
2017-06-26,154.71,155.75,154.63,155.23,2129945
2017-06-27,155.0,155.34,154.5,154.75,2385619
2017-06-28,155.15,155.55,154.78,155.32,2203062
2017-06-29,155.35,155.74,153.62,154.13,3245649
2017-06-30,154.28,154.5,153.14,153.83,3501395
2017-07-03,153.58,156.025,153.52,155.58,2822499
2017-07-05,155.77,155.89,153.63,153.67,3558639
2017-07-06,153.36,153.83,152.23,152.36,2735717
2017-07-07,152.62,153.49,152.14,152.94,2345721
2017-07-10,152.91,153.89,152.63,153.42,2804780
2017-07-11,153.26,153.65,152.05,153.19,3431418
2017-07-12,153.48,154.24,153.05,153.7,3090315
2017-07-13,153.7,154.19,153.19,153.63,2474847
2017-07-14,154.01,154.615,153.4,154.24,3214337
2017-07-17,153.59,153.88,152.2399,153.01,4751141
2017-07-18,152.36,154.29,152.0,154.0,6867302
2017-07-19,150.02,150.25,146.71,147.53,14043000
2017-07-20,147.53,148.83,147.03,147.66,7105481
2017-07-21,147.59,147.87,146.51,147.08,6456514
2017-07-24,147.0,147.04,145.8,145.99,3818232
2017-07-25,146.57,147.49,146.03,146.19,4184435
2017-07-26,146.27,146.46,144.47,145.36,3806651
2017-07-27,145.0,145.395,143.64,145.07,6374650
2017-07-28,144.81,145.04,143.84,144.29,3022662
2017-07-31,144.38,144.93,144.17,144.67,4333680
2017-08-01,145.0,145.67,144.72,145.3,3197848
2017-08-02,145.12,145.29,144.22,144.45,3400024
2017-08-03,144.43,145.34,144.43,144.94,3028769
2017-08-04,145.0,145.39,144.4,145.16,2542800
2017-08-07,145.0,145.09,142.75,143.47,4576508
2017-08-08,142.0,142.76,142.0,142.11,3281972
2017-08-09,141.75,142.03,141.19,141.77,2920582
2017-08-10,141.64,142.42,141.23,141.84,4378186
2017-08-11,142.45,142.59,141.52,141.84,3004040
2017-08-14,142.0,142.76,141.94,142.32,2222304
2017-08-15,142.55,143.34,140.58,142.07,4652618
2017-08-16,141.79,142.91,141.61,142.5,3239516
2017-08-17,142.52,142.89,140.7,140.7,4342286
2017-08-18,140.87,141.15,139.58,139.7,4128761
2017-08-21,139.59,140.42,139.13,140.33,2949410
2017-08-22,140.64,141.15,140.38,141.01,2495902
2017-08-23,140.7,143.05,140.68,142.14,4035421
2017-08-24,142.5,143.68,142.25,142.94,3580245
2017-08-25,143.3,144.19,143.25,143.74,2866131
2017-08-28,144.11,144.56,142.39,142.51,5086015
2017-08-29,142.1,143.425,141.9,143.14,3000993
2017-08-30,143.26,143.28,142.41,142.56,2715466
2017-08-31,143.02,143.66,142.63,143.03,3614517
2017-09-01,142.98,144.5,142.98,144.08,3348503
2017-09-05,143.5,144.3575,142.7,143.04,3097503
2017-09-06,143.88,144.47,143.5,143.82,3205295
2017-09-07,144.1,144.64,142.41,142.9,4155968
2017-09-08,143.15,143.15,141.64,142.45,3344701
2017-09-11,143.54,145.13,143.01,144.86,4549334
2017-09-12,145.11,146.37,144.51,145.76,5222522
2017-09-13,145.35,146.29,145.34,145.99,4070378
2017-09-14,145.86,146.38,145.51,145.54,3742944
2017-09-15,144.82,145.17,144.08,144.82,7297773
2017-09-18,144.81,145.4799,144.27,144.55,3018012
2017-09-19,144.79,144.98,144.22,144.39,3456574
2017-09-20,144.93,145.88,144.42,145.88,5384615
2017-09-21,145.65,145.8911,145.1,145.26,2289276
2017-09-22,145.59,145.59,144.59,145.13,2741663
2017-09-25,145.12,146.03,144.91,145.87,5179476
2017-09-26,146.36,147.42,145.94,146.56,4106513
2017-09-27,146.68,146.9,145.03,145.66,3446073
2017-09-28,145.33,145.86,144.21,145.66,2763219
2017-09-29,145.45,145.69,144.92,145.08,2635887
2017-10-02,145.35,146.865,145.21,146.66,2955450
2017-10-03,146.69,147.1999,146.34,146.78,2285725
2017-10-04,147.0,147.02,146.11,146.48,2225673
2017-10-05,146.68,147.54,146.48,146.72,2536971
2017-10-06,146.64,146.85,146.32,146.48,2248474
2017-10-09,146.5,147.79,146.35,147.39,2678887
2017-10-10,147.71,148.95,147.65,148.5,4028877
2017-10-11,148.4,148.47,147.28,147.62,3674765
2017-10-12,147.56,147.89,146.77,147.03,3255559
2017-10-13,147.48,147.85,146.94,147.1,2490548
2017-10-16,147.22,147.67,146.51,146.83,3035184
2017-10-17,146.63,147.12,146.18,146.54,4941313
2017-10-18,157.12,161.23,156.95,159.53,30445283
2017-10-19,159.8,160.96,159.085,160.9,9878844
2017-10-20,161.07,162.48,159.77,162.07,7848320
2017-10-23,162.05,162.51,159.54,159.55,5765384
2017-10-24,159.65,159.7,155.171,155.88,8173017
2017-10-25,156.01,156.37,153.06,153.495,5443794
2017-10-26,154.31,155.12,153.54,153.6,4253664
2017-10-27,154.54,154.63,152.911,153.68,4893779
2017-10-30,153.76,154.59,152.71,154.36,4206189
2017-10-31,154.33,154.93,152.93,154.06,4224346
2017-11-01,154.1,154.9,153.83,154.03,3228302
2017-11-02,154.18,154.49,152.91,153.35,3388284
2017-11-03,153.42,153.47,151.49,151.58,4420582
2017-11-06,151.77,151.82,150.28,150.84,4498372
2017-11-07,151.37,151.51,150.5,151.35,3688378
2017-11-08,151.6,151.7944,150.28,151.57,4630031
2017-11-09,149.93,151.8,149.86,150.3,4770841
2017-11-10,150.65,150.89,149.14,149.16,4304369
2017-11-13,148.88,149.0,147.92,148.4,5085257
2017-11-14,147.95,148.97,147.49,148.89,3691934
2017-11-15,148.0,148.705,146.211,147.1,4695745
2017-11-16,147.73,149.65,147.5,149.12,5393609
2017-11-17,149.34,150.15,148.83,148.97,4865373
2017-11-20,150.64,151.95,149.9,150.51,5654091
2017-11-21,151.3,152.45,151.2,151.95,3756184
2017-11-22,152.0,152.39,151.33,151.77,3125416
2017-11-24,151.95,152.2,151.33,151.84,1193025
2017-11-27,152.06,152.49,151.62,151.98,3303663
2017-11-28,152.35,152.93,151.7,152.47,3915618
2017-11-29,152.81,153.61,152.17,153.55,5098702
2017-11-30,153.65,154.41,153.08,153.97,6500769
2017-12-01,154.4,155.02,152.91,154.76,5567852
2017-12-04,155.67,156.8,155.07,156.46,4639109
2017-12-05,156.45,156.74,154.68,155.35,5042724
2017-12-06,155.69,156.22,154.09,154.1,3345712
2017-12-07,154.03,154.45,153.26,153.57,3768443
2017-12-08,153.94,155.03,153.55,154.81,3440847
2017-12-11,154.97,155.89,154.57,155.41,4068982
2017-12-12,155.2,157.85,155.16,156.74,6314835
2017-12-13,156.6,156.73,153.89,153.91,5624428
2017-12-14,154.5,155.11,153.7,154.0,4623845
2017-12-15,153.75,153.8,152.03,152.5,10469312
2017-12-18,153.41,154.18,153.21,153.33,5054265
2017-12-19,154.135,154.17,153.09,153.23,4111495
2017-12-20,153.65,153.89,152.78,152.95,3771425
2017-12-21,153.17,153.46,151.49,151.5,4126632
2017-12-22,151.82,153.0,151.5,152.5,2982114
2017-12-26,152.51,153.86,152.5,152.83,2477240
2017-12-27,152.95,153.18,152.61,153.13,2116522
2017-12-28,153.2,154.12,153.2,154.04,2669076
2017-12-29,154.17,154.72,153.42,153.42,3310894
2018-01-02,154.5,154.81,153.54,154.25,4195225
2018-01-03,157.34,159.81,156.33,158.49,9439063
2018-01-04,159.65,162.32,159.37,161.7,7363843
2018-01-05,162.44,162.9,161.1,162.49,5162075
2018-01-08,162.66,163.91,161.7,163.47,5101023
2018-01-09,163.9,164.53,163.06,163.83,4333418
2018-01-10,162.91,164.33,162.5,164.18,4150836
2018-01-11,164.8,164.94,163.3,164.2,3783614
2018-01-12,164.02,164.74,163.03,163.14,5007254
2018-01-16,165.1,165.29,163.35,163.85,7588202
2018-01-17,168.01,169.13,167.26,168.65,11630539
2018-01-18,170.0,171.13,168.15,169.12,10948033
2018-01-19,164.46,165.4,161.3,162.37,21079530
2018-01-22,161.51,163.98,161.11,162.6,8340507
2018-01-23,162.82,166.26,162.51,166.25,7417268
2018-01-24,166.75,168.72,164.82,165.37,5507664
2018-01-25,165.91,166.78,165.19,165.47,3240177
2018-01-26,166.12,167.41,165.79,167.34,3664496
2018-01-29,167.45,168.39,166.01,166.8,3423903
2018-01-30,166.21,166.77,163.16,163.62,4796200
2018-01-31,163.75,164.99,162.76,163.7,4025105
2018-02-01,163.19,164.13,161.9,162.4,4422505
2018-02-02,161.7,162.0,158.87,159.03,5174779
2018-02-05,157.89,158.5,150.0,152.53,8600416
2018-02-06,150.29,155.49,149.11,155.34,9823824
2018-02-07,154.17,155.34,153.28,153.85,6069258
2018-02-08,152.48,153.16,147.5,147.59,6599136
2018-02-09,148.6,150.54,144.4,149.51,7763603
2018-02-12,150.9,152.4,150.3,151.4,5659623
2018-02-13,150.9,151.18,149.64,150.75,4854790
2018-02-14,150.19,155.0,150.0,154.76,5422862
2018-02-15,155.5,156.86,153.7,156.01,5525079
2018-02-16,155.71,157.79,155.69,156.18,4239560
2018-02-20,155.79,155.96,153.87,155.16,4267801
2018-02-21,155.43,156.79,153.9,153.96,3492694
2018-02-22,154.5,155.04,152.79,153.18,4017699
2018-02-23,154.3,155.85,154.07,155.52,3208908
2018-02-26,155.81,158.88,155.51,158.58,3576723
2018-02-27,158.46,159.78,156.53,156.55,4192962
2018-02-28,157.5,158.14,155.8,155.83,3761597
2018-03-01,155.53,156.97,152.79,153.81,4039339
2018-03-02,152.79,154.76,151.88,154.49,3261141
2018-03-05,154.12,157.49,153.75,156.95,3670630
2018-03-06,157.28,157.89,155.16,155.72,3685736
2018-03-07,155.0,158.83,154.73,158.32,4607677
2018-03-08,159.0,159.57,155.07,156.21,6095521
2018-03-09,157.47,159.58,157.3,159.31,4783247
2018-03-12,159.64,161.02,158.87,160.26,5056489
2018-03-13,160.09,162.11,158.81,159.32,4097662
2018-03-14,160.17,160.68,157.74,158.12,3614293
2018-03-15,158.71,161.25,158.52,159.61,3860479
2018-03-16,160.06,161.98,159.64,160.26,8447294
2018-03-19,159.71,159.89,156.45,157.35,5415258
2018-03-20,157.52,157.93,155.29,156.2,4296935
2018-03-21,156.57,158.2,155.92,156.69,3240695
2018-03-22,155.0,155.25,152.0,152.09,4617371
2018-03-23,152.25,152.58,148.54,148.89,4389015
2018-03-26,151.21,153.66,150.28,153.37,4038586
2018-03-27,153.95,154.87,151.16,151.91,3810994
2018-03-28,152.07,153.86,151.89,152.52,3664826
2018-03-29,153.07,153.89,151.08,153.43,3419959
2018-04-02,153.34,153.38,148.43,150.07,5150435
2018-04-03,150.8,151.0,148.3,149.85,4135696
2018-04-04,147.89,154.47,147.45,154.12,4805261
2018-04-05,154.44,154.92,153.34,154.03,3185388
2018-04-06,153.46,153.95,149.54,150.57,3672919
2018-04-09,151.8,154.66,151.74,152.69,4413178
2018-04-10,155.03,156.6,154.75,155.39,3955952
2018-04-11,154.37,155.78,153.88,155.36,3306539
2018-04-12,156.75,158.98,156.67,158.07,5639444
2018-04-13,158.67,159.22,155.91,156.71,4057058
2018-04-16,157.99,159.14,157.67,157.89,4186755
2018-04-17,158.82,162.0,158.51,160.91,10207534
2018-04-18,152.14,152.63,148.26,148.79,20381695
2018-04-19,149.19,149.21,146.62,147.7,8086056
2018-04-20,147.9,147.97,144.51,144.9,8265643
2018-04-23,145.03,145.96,144.33,145.86,5315625
2018-04-24,146.51,147.3,144.53,145.56,4916476
2018-04-25,145.79,146.4,144.11,145.94,7324654
2018-04-26,146.6,147.36,146.2,146.72,4265812
2018-04-27,146.84,147.25,145.66,146.48,3205482
2018-04-30,146.86,147.38,144.96,144.96,4415533
2018-05-01,144.65,145.02,143.47,145.0,4433393
2018-05-02,144.46,144.82,142.07,142.45,5194917
2018-05-03,142.13,142.23,139.9,141.99,5018592
2018-05-04,141.1,144.35,140.28,143.91,4402170
2018-05-07,144.0,144.32,142.64,143.22,3657009
2018-05-08,143.0,143.51,142.06,143.0,5369119
2018-05-09,141.9,143.02,141.28,142.61,4195953
2018-05-10,143.15,144.33,143.01,144.24,3726608
2018-05-11,144.11,144.85,143.58,144.14,3073167
2018-05-14,144.47,145.12,144.14,144.3,3216062
2018-05-15,143.5,143.99,142.92,143.74,4089397
2018-05-16,143.7,145.03,143.27,144.63,3168659
2018-05-17,144.5,145.19,143.77,144.5,3147659
2018-05-18,144.47,144.94,143.99,144.08,2682243
2018-05-21,144.95,146.04,144.68,145.49,2894698
2018-05-22,145.52,146.2,145.0,145.09,2284020
2018-05-23,144.35,144.7,143.48,144.67,3459747
2018-05-24,144.39,144.48,142.95,144.07,3398701
2018-05-25,143.9,144.57,143.46,143.64,4914294
2018-05-29,142.53,142.89,140.21,141.22,4537638
2018-05-30,141.9,143.1,141.82,142.62,5118530
2018-05-31,142.81,142.81,141.05,141.31,6830256
2018-06-01,142.43,142.84,141.62,141.95,3857530
2018-06-04,142.3,143.17,142.18,143.04,3035257
2018-06-05,143.05,144.08,143.04,143.7,2836017
2018-06-06,144.34,144.72,143.54,144.71,3220139
2018-06-07,145.0,146.7,144.93,145.36,4316484
2018-06-08,145.0,146.43,144.37,146.14,5210468
2018-06-11,146.62,147.41,146.14,146.58,3259986
2018-06-12,147.1,147.52,146.62,146.87,2640515
2018-06-13,146.79,147.47,146.2,146.35,2968180
2018-06-14,146.65,146.98,145.09,145.2,3326343
2018-06-15,144.9,145.47,143.7,145.39,9116048
2018-06-18,144.18,144.52,143.14,144.48,4286406
2018-06-19,143.12,144.22,142.95,143.9,3487015
2018-06-20,144.22,144.52,142.41,142.63,3329917
2018-06-21,142.59,143.14,140.83,141.25,3887650
2018-06-22,141.64,141.81,140.78,141.28,6013678
2018-06-25,140.4,140.4,138.28,138.79,8937085
2018-06-26,139.36,139.85,138.33,139.08,4139455
2018-06-27,139.11,139.78,137.45,137.48,4097588
2018-06-28,138.1,140.54,137.95,140.04,4523666
2018-06-29,140.32,141.36,139.61,139.7,3753684
2018-07-02,138.28,140.22,138.2,139.86,3405642
2018-07-03,140.65,140.94,139.37,139.57,1963232
2018-07-05,140.48,141.43,139.93,141.43,3744730
2018-07-06,141.53,142.94,141.17,142.48,2910426
2018-07-09,142.59,144.72,142.47,144.39,3904652
2018-07-10,144.51,145.59,144.26,144.71,3776991
2018-07-11,144.0,146.19,144.0,144.94,3526565
2018-07-12,145.85,146.83,145.74,146.45,3119505
2018-07-13,146.45,146.98,145.8,145.9,3067638
2018-07-16,145.67,145.79,144.21,145.46,3468817
2018-07-17,144.75,145.0,143.34,143.49,5096741
2018-07-18,143.51,144.8,142.74,144.52,6935288
2018-07-19,147.85,150.54,147.25,149.24,14655804
2018-07-20,148.58,148.86,146.26,146.35,6415972
2018-07-23,146.35,146.7,145.01,145.7,3897892
2018-07-24,146.7,147.04,145.92,146.38,3891625
2018-07-25,146.01,146.65,145.5,146.62,3623182
2018-07-26,147.43,149.27,146.63,146.71,4778022
2018-07-27,146.89,147.14,144.66,145.15,3749642
2018-07-30,144.8,146.24,144.69,145.49,3608283
2018-07-31,145.74,145.8,144.16,144.93,5474478
2018-08-01,144.76,145.19,143.34,143.5,3388386
2018-08-02,142.86,143.36,142.33,142.96,3841447
2018-08-03,143.24,147.92,143.0,147.7,8053567
2018-08-06,146.95,147.2,145.57,146.03,3913743
2018-08-07,146.65,147.64,146.35,147.01,3508758
2018-08-08,147.33,147.43,146.24,146.89,3581746
2018-08-09,145.53,145.94,144.73,144.77,3093504
2018-08-10,144.5,145.07,143.88,144.48,3003158
2018-08-13,144.15,144.3,142.53,142.71,2858842
2018-08-14,143.0,143.82,142.93,143.36,2860041
2018-08-15,142.55,144.0,142.0,143.91,4241496
2018-08-16,144.37,145.68,144.37,145.34,5250878
2018-08-17,144.79,146.39,144.69,146.06,2678820
2018-08-20,146.37,147.16,146.15,146.51,2499654
2018-08-21,147.0,147.12,145.89,145.97,3106876
2018-08-22,146.01,146.16,145.19,145.24,2388961
2018-08-23,145.04,145.52,144.75,145.37,2220603
2018-08-24,145.46,146.09,144.87,146.04,2776813
2018-08-27,146.94,147.62,146.52,146.69,3491565
2018-08-28,146.95,146.99,146.19,146.59,2455328
2018-08-29,146.87,147.93,146.6,147.54,3153845
2018-08-30,147.03,147.3,145.25,145.93,3340369
2018-08-31,145.72,146.78,145.54,146.48,3488476
2018-09-04,145.98,146.19,144.81,145.68,3326153
2018-09-05,145.19,146.75,145.05,146.66,3126540
2018-09-06,146.88,147.66,145.54,146.39,4248831
2018-09-07,145.94,146.5,145.12,145.45,4693127
2018-09-10,146.6,147.3,145.56,145.65,3618209
2018-09-11,146.0,146.99,145.25,146.49,3374774
2018-09-12,146.37,147.98,146.03,146.57,4506679
2018-09-13,147.35,149.0,147.12,148.95,5346540
2018-09-14,148.85,149.3,147.78,148.33,3452144
2018-09-17,148.44,149.07,147.77,147.94,3551882
2018-09-18,147.76,148.99,147.47,148.56,3629596
2018-09-19,148.63,149.96,148.23,149.06,4246382
2018-09-20,149.58,151.38,149.44,151.15,5952223
2018-09-21,151.48,152.6,150.74,151.35,19947878
2018-09-24,151.1,151.2,149.46,150.03,4264984
2018-09-25,149.91,150.41,148.36,148.91,4397457
2018-09-26,152.4,153.35,151.34,151.61,7401862
2018-09-27,152.01,152.39,151.16,151.5,3477643
2018-09-28,151.16,151.63,150.79,151.21,3305798
2018-10-01,151.71,153.42,151.71,153.0,3757419
2018-10-02,152.99,153.84,152.5,153.75,3030125
2018-10-03,154.0,154.36,152.8,153.22,3315298
2018-10-04,151.69,152.8,150.36,151.31,4238143
2018-10-05,150.9,151.79,147.87,149.03,4602252
2018-10-08,148.5,149.07,147.18,148.39,3239347
2018-10-09,148.08,148.36,146.93,147.24,3642496
2018-10-10,147.5,147.69,142.5,142.69,5547697
2018-10-11,142.62,144.19,138.78,139.02,8710491
2018-10-12,141.12,141.54,139.08,140.85,6563403
2018-10-15,140.38,142.26,140.14,141.13,4965533
2018-10-16,142.93,145.45,141.58,145.12,8695489
2018-10-17,135.89,137.15,133.42,134.05,19464000
2018-10-18,132.73,133.4,130.04,130.55,10011678
2018-10-19,130.65,131.89,127.96,129.1,7791636
2018-10-22,129.58,130.44,128.4,130.02,5719518
2018-10-23,129.02,131.9,128.41,131.21,6463580
2018-10-24,131.17,131.69,127.0,127.21,5710320
2018-10-25,127.25,127.79,125.14,126.45,10304327
2018-10-26,125.21,125.78,123.71,124.79,8767029
2018-10-29,119.34,123.95,118.3,119.64,20450448
2018-10-30,120.48,121.5,115.15,115.4,21458594
2018-10-31,116.49,116.5,114.09,115.43,21644978
2018-11-01,115.5,117.0,115.11,116.83,13626730
2018-11-02,117.51,117.75,114.54,115.67,10592681
2018-11-05,116.1,120.77,116.0,120.06,9144598
2018-11-06,120.7,123.81,120.31,123.12,9597392
2018-11-07,123.79,125.06,122.33,124.84,12382666
2018-11-08,122.66,124.4,122.63,123.38,10396439
2018-11-09,123.61,124.57,121.96,123.54,6961902
2018-11-12,123.5,123.57,120.65,120.9,5379113
2018-11-13,121.19,122.25,119.9,120.84,4084385
2018-11-14,121.11,121.93,119.77,120.2,4762275
2018-11-15,119.66,121.44,119.51,121.44,5207973
2018-11-16,120.89,121.85,120.54,121.57,4076315
2018-11-19,121.63,122.18,119.77,120.31,4131238
2018-11-20,118.49,119.49,116.7,117.2,6233777
2018-11-21,117.61,119.51,117.39,118.57,5335842
2018-11-23,118.09,118.3382,116.91,117.19,2334730
2018-11-26,118.37,120.25,118.06,119.56,5011130
2018-11-27,118.38,120.04,118.37,120.03,4903771
2018-11-28,121.01,123.09,120.22,123.0,5104520
2018-11-29,122.44,123.12,121.4,121.48,5200113
2018-11-30,121.66,124.69,121.48,124.27,7251590
2018-12-03,125.67,126.59,124.36,125.31,5843112
2018-12-04,124.49,124.92,121.33,121.6,6000697
2018-12-06,119.72,123.91,119.301,123.91,6938049
2018-12-07,123.9,124.05,118.87,119.34,7019616
2018-12-10,119.74,121.68,118.52,121.13,6549506
2018-12-11,123.25,123.81,120.0,120.89,5043081
2018-12-12,122.51,122.88,121.0,121.16,3560790
2018-12-13,121.26,121.79,120.17,120.73,3993597
2018-12-14,119.5,121.11,119.44,119.9,4554204
2018-12-17,119.07,119.78,115.07,116.1,7374476
2018-12-18,116.9,118.23,116.02,116.65,6290186
2018-12-19,117.15,120.27,115.97,116.43,6979823
2018-12-20,115.7,116.45,111.7,113.02,8454350
2018-12-21,112.5,115.28,110.44,110.94,10386453
2018-12-24,109.9,111.0,107.5,107.57,3821376
2018-12-26,108.0,111.39,105.94,111.39,6645794
2018-12-27,109.99,113.78,109.47,113.78,6045590
2018-12-28,114.22,114.8,112.5,113.03,5117533
2018-12-31,113.33,114.35,112.4201,113.67,4982755
2019-01-02,112.01,115.98,111.69,115.21,4239924
2019-01-03,114.53,114.88,112.69,112.91,4346659
2019-01-04,114.91,117.49,114.44,117.32,4477755
2019-01-07,117.5,118.83,116.67,118.15,3751204
2019-01-08,119.66,120.57,118.98,119.83,4763636
2019-01-09,120.91,121.4,119.87,120.69,3633663
2019-01-10,120.08,121.86,119.95,121.79,3909971
2019-01-11,121.58,121.62,120.2,121.46,3722370
2019-01-14,120.51,120.65,119.76,120.39,5228909
2019-01-15,120.96,121.93,120.82,121.73,3507719
2019-01-16,121.58,122.0,120.83,121.62,3841100
2019-01-17,120.56,122.41,120.55,122.19,5029871
2019-01-18,123.27,124.72,122.71,123.82,6008509
2019-01-22,123.3,123.8,121.54,122.52,10052384
2019-01-23,131.37,135.0,130.31,132.89,22063666
2019-01-24,132.63,133.21,131.43,132.53,6322928
2019-01-25,132.87,134.44,132.43,133.97,5708500
2019-01-28,133.1,134.81,132.58,134.27,5357736
2019-01-29,134.29,135.41,133.6,134.33,5037129
2019-01-30,134.0,135.03,133.25,134.38,4500919
2019-01-31,134.45,134.72,133.74,134.42,4884031
2019-02-01,134.97,135.2,133.35,134.1,3806047
2019-02-04,134.02,135.2,132.99,135.19,3966597
2019-02-05,135.28,135.82,134.92,135.55,5398907
2019-02-06,135.22,136.65,135.17,136.32,4879670
2019-02-07,133.55,134.47,132.12,133.19,4379439
2019-02-08,132.34,133.71,132.19,133.71,3250074
2019-02-11,134.29,135.15,133.91,133.99,3095069
2019-02-12,135.15,136.2,134.86,136.05,3317161
2019-02-13,136.92,137.92,136.41,137.52,4253042
2019-02-14,137.17,137.6,136.21,136.48,2789839
2019-02-15,137.58,138.19,137.39,138.03,3844062
2019-02-19,137.81,138.7,137.36,138.7,3385675
2019-02-20,138.76,139.24,137.22,138.0,3801979
2019-02-21,137.82,138.35,137.35,137.84,2937467
2019-02-22,138.73,139.38,138.43,139.25,3113698
2019-02-25,140.0,140.47,139.32,139.46,3194161
2019-02-26,139.67,140.49,139.47,139.72,3060381
2019-02-27,139.25,139.57,138.4,139.17,2530968
2019-02-28,138.77,139.06,137.72,138.13,3457788
2019-03-01,139.31,140.04,138.64,139.2,3030044
2019-03-04,139.99,140.08,137.17,138.43,3407217
2019-03-05,138.37,138.74,137.56,137.88,4250650
2019-03-06,138.12,138.39,136.72,136.98,2768256
2019-03-07,136.61,136.89,134.63,135.36,4358802
2019-03-08,134.21,135.24,133.58,135.09,3773722
2019-03-11,136.03,137.73,135.84,137.71,3939517
2019-03-12,138.52,139.7,137.86,138.28,3954653
2019-03-13,138.05,139.32,137.85,138.56,3173179
2019-03-14,138.51,138.94,138.06,138.79,2738790
2019-03-15,139.37,140.33,139.23,139.43,7153687
2019-03-18,139.83,140.37,138.72,140.21,3268510
2019-03-19,140.96,141.7,140.0,140.49,3482336
2019-03-20,140.53,140.7,138.98,139.6,3649455
2019-03-21,139.1,142.12,138.88,141.44,3605420
2019-03-22,140.97,141.44,138.9,139.45,3877616
2019-03-25,139.06,139.91,138.35,139.18,2839766
2019-03-26,139.93,141.02,139.42,140.22,2553708
2019-03-27,140.41,140.49,138.4,139.24,3098233
2019-03-28,139.91,140.44,139.1,139.92,2663884
2019-03-29,140.5,141.22,140.15,141.1,3101454
2019-04-01,141.51,143.41,141.51,143.3,3984250
2019-04-02,143.35,143.95,142.6,143.0,2404920
2019-04-03,143.65,144.22,143.01,143.63,2681645
2019-04-04,143.62,144.14,142.54,142.78,2771462
2019-04-05,143.29,143.5,142.46,143.28,2731985
2019-04-08,143.02,143.42,142.87,143.39,2118228
2019-04-09,142.66,142.95,141.84,142.11,3038460
2019-04-10,142.2,143.5,141.98,143.02,2678310
2019-04-11,143.8,144.11,143.03,143.78,2941985
2019-04-12,144.26,144.44,143.7,144.35,2898899
2019-04-15,144.4,144.46,143.27,143.9,3603158
2019-04-16,144.4,145.39,144.02,145.14,6301671
2019-04-17,137.37,141.98,136.26,139.11,12525693
2019-04-18,139.0,140.49,138.7,140.33,4960015
2019-04-22,139.42,140.56,138.48,138.89,4494333
2019-04-23,139.15,140.92,138.94,140.44,4462240
2019-04-24,140.6,141.31,139.78,139.95,2774867
2019-04-25,139.7,139.75,137.71,138.63,2910113
2019-04-26,139.34,139.89,138.81,139.44,2319834
2019-04-29,139.15,139.63,138.81,139.05,2958333
2019-04-30,139.11,140.44,138.68,140.27,4638828
2019-05-01,140.55,141.81,140.17,140.56,3053683
2019-05-02,140.5,141.28,139.41,139.59,3541352
2019-05-03,139.7,141.0,139.63,140.25,2580034
2019-05-06,138.3,140.69,137.9,140.38,2793655
2019-05-07,139.15,139.51,136.19,137.64,4726771
2019-05-08,137.77,138.7,137.13,138.0,3818909
2019-05-09,134.89,135.58,133.03,135.34,4192942
2019-05-10,134.88,135.75,132.42,135.32,3977686
2019-05-13,133.28,133.57,130.96,131.42,4958021
2019-05-14,131.82,134.32,131.68,133.31,3280374
2019-05-15,132.59,134.59,132.37,134.4,2551009
2019-05-16,134.74,136.11,134.64,135.88,3017472
2019-05-17,134.68,135.41,133.94,134.32,2619135
2019-05-20,133.53,135.43,132.93,135.12,3264649
2019-05-21,136.12,137.06,135.79,136.45,2503504
2019-05-22,136.0,136.75,135.71,136.35,1849821
2019-05-23,135.13,135.13,130.44,132.39,5343437
2019-05-24,133.53,134.25,131.59,132.28,2596121
2019-05-28,132.13,132.64,130.27,130.46,4909121
2019-05-29,130.0,130.28,128.32,129.69,3678978
2019-05-30,129.74,129.97,128.93,129.57,2741880
2019-05-31,128.44,128.44,126.85,126.99,3539343
2019-06-03,127.1,128.56,127.06,128.27,4267080
2019-06-04,129.56,132.74,129.09,132.69,3913535
2019-06-05,133.38,133.61,130.47,131.49,3161584
2019-06-06,132.19,132.65,130.9,132.22,2298248
2019-06-07,132.47,134.72,132.21,133.31,2553398
2019-06-10,134.38,135.35,133.91,134.74,2911327
2019-06-11,135.32,136.46,135.05,135.95,3407345
2019-06-12,135.56,135.94,134.41,134.87,2254741
2019-06-13,135.13,136.27,135.09,135.76,2955419
2019-06-14,135.44,135.88,134.43,135.15,2193367
2019-06-17,135.39,136.03,134.7,134.95,2194129
2019-06-18,135.2,137.19,135.2,136.38,2914698
2019-06-19,136.43,138.36,136.24,137.08,2382520
2019-06-20,138.93,139.54,138.2,138.85,3071017
2019-06-21,138.44,139.54,138.39,139.2,5288759
2019-06-24,139.2,140.15,139.05,139.35,2186137
2019-06-25,139.46,139.55,138.13,138.36,2801251
2019-06-26,138.87,139.68,138.41,138.52,2284567
2019-06-27,138.72,139.3,137.95,138.52,2149824
2019-06-28,138.57,139.14,137.84,137.9,6154039
2019-07-01,139.6,141.49,139.28,139.88,3387184
2019-07-02,139.75,140.43,139.47,140.22,2410092
2019-07-03,140.72,141.82,140.43,141.54,1930361
2019-07-05,140.87,141.49,139.91,141.38,2135085
2019-07-08,141.05,141.29,140.27,140.57,2395487
2019-07-09,140.61,140.99,139.13,139.33,3365227
2019-07-10,140.0,141.91,139.79,140.47,2513931
2019-07-11,140.79,141.58,140.3,141.24,2133327
2019-07-12,141.92,142.92,141.66,142.74,2786276
2019-07-15,142.89,143.51,142.12,143.32,2368309
2019-07-16,143.17,144.04,143.02,143.53,3474688
2019-07-17,143.61,143.8,141.95,143.07,6064265
2019-07-18,142.5,150.31,142.2,149.63,12695387
2019-07-19,149.96,151.58,149.55,149.68,7290678
2019-07-22,150.16,151.94,149.7,149.74,4093239
2019-07-23,150.57,150.72,148.38,150.38,3742204
2019-07-24,150.12,151.45,149.2,150.03,2952435
2019-07-25,149.82,150.62,148.61,150.39,3102113
2019-07-26,151.0,151.41,150.1,151.36,2904494
2019-07-29,151.11,151.48,150.32,150.88,2075528
2019-07-30,150.0,150.4,149.22,149.77,2632726
2019-07-31,149.7,150.18,146.39,148.24,3722907
2019-08-01,148.9,152.82,148.5,150.32,6344006
2019-08-02,149.03,152.95,145.59,147.25,8101720
2019-08-05,144.98,145.1,139.15,140.76,7114871
2019-08-06,142.03,142.47,139.31,140.73,5070650
2019-08-07,138.74,139.58,136.41,139.11,5931883
2019-08-08,138.45,140.42,137.76,140.1,5261444
2019-08-09,139.27,139.31,135.35,136.13,5244594
2019-08-12,135.66,135.87,133.18,134.12,4516866
2019-08-13,133.8,136.57,132.81,135.79,4551170
2019-08-14,133.91,134.16,130.98,131.25,5114159
2019-08-15,131.22,132.37,130.25,131.92,3738945
2019-08-16,133.04,134.59,132.95,133.76,3011993
2019-08-19,134.88,136.33,134.88,135.04,3165436
2019-08-20,135.24,135.28,132.81,133.0,3018934
2019-08-21,134.96,135.94,133.8,134.25,2806774
2019-08-22,134.69,135.68,133.81,134.32,2695009
2019-08-23,133.63,134.26,128.83,129.57,4818759
2019-08-26,131.05,131.3,129.16,129.99,2836837
2019-08-27,131.2,131.7,130.31,131.17,4728392
2019-08-28,130.44,132.89,130.04,132.76,2713251
2019-08-29,134.18,135.69,134.04,134.88,2972842
2019-08-30,135.58,136.07,134.36,135.53,2960594
2019-09-03,134.85,134.9,133.33,134.1,2827919
2019-09-04,135.71,136.43,135.15,136.32,2247924
2019-09-05,138.3,141.7,138.05,140.97,5011628
2019-09-06,141.52,141.53,140.46,140.57,2576441
2019-09-09,140.59,143.02,140.46,142.6,4218622
2019-09-10,143.0,145.46,142.96,145.05,4979341
2019-09-11,144.85,145.12,142.71,143.6,3867963
2019-09-12,144.03,144.04,141.88,143.62,2504162
2019-09-13,144.32,144.65,143.26,143.67,2206605
2019-09-16,142.56,143.64,142.27,142.48,1928269
2019-09-17,142.48,142.48,140.66,142.2,2940494
2019-09-18,142.05,142.3,140.51,142.22,1994714
2019-09-19,142.46,145.03,142.45,142.97,3181790
2019-09-20,143.25,143.83,141.82,141.88,5217726
2019-09-23,141.19,142.22,140.56,142.07,1849558
2019-09-24,142.5,142.89,141.07,141.68,3311403
2019-09-25,141.74,143.63,140.86,143.16,2544628
2019-09-26,143.17,143.88,141.41,143.55,2313892
2019-09-27,144.41,145.09,142.38,143.24,2356682
2019-09-30,143.73,146.57,143.73,145.42,4004019
2019-10-01,145.59,147.35,143.54,143.66,2973628
2019-10-02,142.19,142.27,140.57,141.69,3347129
2019-10-03,141.62,142.07,139.18,142.02,3138743
2019-10-04,142.06,143.06,141.03,142.99,2447901
2019-10-07,142.26,142.7,141.22,141.28,2487737
2019-10-08,140.24,140.47,138.25,138.38,3342266
2019-10-09,139.77,140.33,138.79,139.67,2631860
2019-10-10,139.77,141.78,139.56,141.13,2619287
2019-10-11,142.77,144.5,142.61,142.76,3015458
2019-10-14,142.31,142.43,141.32,142.04,2325055
2019-10-15,142.54,143.72,141.81,143.0,3044933
2019-10-16,142.49,142.95,141.39,142.11,5835941
2019-10-17,135.0,136.0,132.91,134.26,15824614
2019-10-18,134.22,134.49,132.25,134.09,7177468
2019-10-21,132.61,133.1,130.9,132.58,6370639
2019-10-22,132.55,134.05,131.61,133.96,4193653
2019-10-23,133.52,134.57,132.7,134.38,3626724
2019-10-24,134.83,135.07,133.3,134.07,2619190
2019-10-25,134.12,135.93,134.1,135.44,2577995
2019-10-28,136.0,136.63,135.45,135.97,3225692
2019-10-29,135.42,135.57,133.44,133.82,4158483
2019-10-30,133.83,135.28,133.2,135.25,2252680
2019-10-31,135.11,135.25,133.23,133.73,3410851
2019-11-01,134.5,135.56,134.09,135.53,3088769
2019-11-04,136.24,137.74,136.23,137.67,3333510
2019-11-05,137.8,138.76,137.63,137.89,3012926
2019-11-06,138.0,138.78,137.55,138.78,4476362
2019-11-07,137.87,139.14,137.58,137.69,4073697
2019-11-08,137.58,137.61,136.16,137.61,2278446
2019-11-11,137.2,137.2,135.0,135.47,2568022
2019-11-12,135.87,136.66,135.02,135.59,3046496
2019-11-13,135.39,135.58,133.85,134.48,3060919
2019-11-14,134.13,134.33,133.33,134.0,4231231
2019-11-15,134.39,135.12,134.03,134.4,3262504
2019-11-18,134.3,134.48,133.23,134.31,3210383
2019-11-19,134.88,135.38,134.46,134.52,2995004
2019-11-20,134.06,134.46,132.75,133.2,4138165
2019-11-21,133.4,134.17,132.98,133.84,3322158
2019-11-22,134.19,134.65,133.59,134.34,3297397
2019-11-25,134.47,136.0,134.35,135.97,2590146
2019-11-26,136.15,136.15,134.77,135.09,3806859
2019-11-27,135.35,135.71,133.62,133.77,3280699
2019-11-29,133.6,134.52,133.03,134.45,1825255
2019-12-02,134.45,134.5,132.48,132.91,3066813
2019-12-03,132.0,132.44,130.69,132.12,3708102
2019-12-04,132.86,133.68,131.96,131.99,3530028
2019-12-05,132.99,133.24,131.63,131.91,3595312
2019-12-06,132.75,133.89,132.7,133.22,3437438
2019-12-09,133.35,134.59,133.26,133.92,2968310
2019-12-10,133.92,134.84,133.56,133.91,3478362
2019-12-11,134.11,134.51,133.67,133.76,3698494
2019-12-12,133.7,135.66,133.66,135.32,4824103
2019-12-13,134.75,135.5,134.01,134.21,2534970
2019-12-16,134.94,135.45,133.85,134.13,3049224
2019-12-17,134.28,134.69,133.46,134.22,2907186
2019-12-18,134.55,135.0,134.15,134.41,3101819
2019-12-19,134.46,134.73,134.19,134.56,3866494
2019-12-20,135.74,136.42,134.95,135.59,7111779
2019-12-23,135.78,136.15,135.0,135.55,2803158
2019-12-24,135.61,135.62,134.61,134.98,1202087
2019-12-26,134.98,135.31,134.65,134.91,2129654
2019-12-27,135.0,135.75,134.87,135.27,2752185
2019-12-30,135.2,135.3,132.5,132.81,4118929
2019-12-31,132.53,134.12,132.4,134.04,3777504
2020-01-02,135.0,135.92,134.77,135.42,3148461
2020-01-03,133.57,134.86,133.56,134.34,2373470
2020-01-06,133.42,134.24,133.2,134.1,2421128
2020-01-07,133.69,134.96,133.4,134.19,3267592
2020-01-08,134.51,135.86,133.92,135.31,4345952
2020-01-09,135.74,136.79,135.31,136.74,3730549
2020-01-10,137.0,137.87,136.31,136.69,3255398
2020-01-13,135.48,136.64,135.07,136.6,3162843
2020-01-14,136.28,137.14,135.55,135.82,3680958
2020-01-15,136.0,138.06,135.71,136.62,4045591
2020-01-16,137.32,138.19,137.01,137.98,4319896
2020-01-17,136.54,138.33,136.16,138.31,5622251
2020-01-21,137.81,139.35,137.6,139.17,7130819
2020-01-22,143.32,145.79,142.55,143.89,16464948
2020-01-23,144.2,144.41,142.15,142.87,5654308
2020-01-24,143.39,143.92,140.46,140.56,5579292
2020-01-27,138.5,140.07,138.1,138.62,4165146
2020-01-28,139.5,140.47,138.75,139.55,3449000
2020-01-29,139.17,139.58,137.6,137.69,3053189
2020-01-30,136.76,136.97,134.97,136.77,5007038
2020-01-31,142.9,144.05,140.79,143.73,18987138
2020-02-03,144.25,147.28,143.9,146.27,8886414
2020-02-04,147.78,149.38,146.88,149.11,5619700
2020-02-05,150.21,157.44,150.15,156.33,14379714
2020-02-06,156.82,158.75,155.42,156.76,8394374
2020-02-07,154.55,155.54,152.92,153.41,6414553
2020-02-10,152.97,154.44,151.58,154.43,5237553
2020-02-11,155.12,155.22,152.73,153.48,3833574
2020-02-12,153.75,155.6,153.52,155.31,4437792
2020-02-13,154.37,154.83,153.41,154.31,3819757
2020-02-14,154.42,154.56,149.77,150.7,6095081
2020-02-18,149.79,151.38,149.64,151.1,3343038
2020-02-19,151.54,151.89,150.31,150.86,2732905
2020-02-20,150.81,151.62,149.51,151.22,2880483
2020-02-21,151.04,151.04,148.84,149.84,3536740
2020-02-24,145.51,148.05,145.38,146.43,5447948
2020-02-25,146.51,147.07,141.26,141.71,6210878
2020-02-26,142.9,144.06,139.6,139.75,5407690
2020-02-27,137.24,138.69,133.01,133.11,8404903
2020-02-28,129.98,131.09,126.36,130.15,13009236
2020-03-02,130.75,134.44,127.95,134.3,8528971
2020-03-03,134.48,136.1,127.8,128.9,7893390
2020-03-04,131.58,134.28,129.0,134.22,4994682
2020-03-05,130.5,132.29,128.45,129.55,5445193
2020-03-06,126.7,128.33,124.52,127.73,8192525
2020-03-09,120.16,122.41,117.28,117.81,10750357
2020-03-10,122.78,124.88,115.76,124.77,11403865
2020-03-11,121.01,122.58,116.38,117.97,8446480
2020-03-12,109.65,109.8,102.28,102.81,12485925
2020-03-13,108.68,109.16,100.81,107.95,12493419
2020-03-16,98.0,107.41,95.0,99.08,10564044
2020-03-17,100.61,107.4,97.1,106.65,8887501
2020-03-18,99.41,106.93,99.4,103.55,8751994
2020-03-19,102.33,103.69,98.24,100.34,8391294
2020-03-20,100.92,100.99,94.71,95.39,10543213
2020-03-23,94.6,97.74,90.56,94.77,9718602
2020-03-24,99.99,106.04,99.26,105.48,7967768
2020-03-25,105.48,112.48,102.83,105.85,8646557
2020-03-26,106.91,113.15,105.57,112.89,7153135
2020-03-27,108.58,111.5,107.65,108.03,6421470
2020-03-30,108.09,113.46,107.81,112.93,5562501
2020-03-31,112.0,113.81,110.17,110.93,6342167
2020-04-01,106.36,109.92,104.52,105.14,6111890
2020-04-02,105.37,110.32,105.14,110.0,6327540
2020-04-03,108.92,110.07,104.92,106.34,4538113
2020-04-06,110.35,115.63,110.13,114.82,7026457
2020-04-07,118.8,119.57,114.87,114.94,5592463
2020-04-08,116.31,119.96,115.07,119.29,5155987
2020-04-09,120.48,122.92,120.17,121.5,5576210
2020-04-13,121.63,121.8,118.04,121.15,5118777
2020-04-14,123.46,125.18,122.62,123.91,5087292
2020-04-15,119.12,120.19,116.76,118.69,5632156
2020-04-16,119.01,119.75,114.42,115.73,6438128
2020-04-17,119.3,120.39,117.92,120.12,4964018
2020-04-20,119.15,122.86,118.14,120.41,7965530
2020-04-21,114.0,117.15,112.06,116.76,14341304
2020-04-22,119.87,120.33,117.55,119.31,7085901
2020-04-23,119.57,123.03,119.12,121.35,6873899
2020-04-24,122.41,125.0,120.76,124.72,4985575
2020-04-27,125.56,126.99,125.47,125.92,4920443
2020-04-28,128.03,128.2,125.38,126.27,4775867
2020-04-29,128.88,129.31,127.53,128.69,5252734
2020-04-30,126.52,127.27,125.22,125.56,6630032
2020-05-01,123.19,123.47,121.39,121.87,4923913
2020-05-04,120.82,121.97,119.39,121.68,4016551
2020-05-05,123.39,124.32,122.47,122.58,3897761
2020-05-06,123.24,124.05,122.41,123.17,3861081
2020-05-07,122.98,123.26,120.85,121.23,4412047
2020-05-08,122.67,123.23,121.06,122.99,5002450
2020-05-11,121.81,123.45,120.67,122.59,3533382
2020-05-12,123.01,124.32,120.26,120.26,4779635
2020-05-13,119.95,119.99,114.85,115.73,5874676
2020-05-14,114.57,117.09,111.81,116.95,5255607
2020-05-15,115.93,117.39,115.25,116.98,4785773
2020-05-18,119.88,122.36,119.75,121.56,4205425
2020-05-19,121.19,122.17,120.14,120.29,3239964
2020-05-20,120.93,122.47,120.6,121.38,3840563
2020-05-21,120.99,121.72,118.97,119.12,4018329
2020-05-22,119.37,119.47,117.59,118.39,4179906
2020-05-26,121.3,122.62,121.01,121.76,5467436
2020-05-27,123.94,125.83,123.47,125.54,5725163
2020-05-28,126.87,126.97,124.22,124.53,3915224
2020-05-29,123.67,125.13,122.24,124.9,7929905
2020-06-01,124.64,125.75,124.03,124.89,2867306
2020-06-02,125.67,126.0,124.66,126.0,2976908
2020-06-03,127.15,129.6,127.0,129.05,3913804
2020-06-04,127.78,128.95,127.02,128.89,3864131
2020-06-05,133.89,134.23,131.75,132.06,5892718
2020-06-08,132.27,135.88,132.27,135.75,5368387
2020-06-09,133.52,133.6,131.02,131.87,5391520
2020-06-10,132.15,132.23,129.8,129.87,4725055
2020-06-11,126.03,126.1,117.84,118.01,11753674
2020-06-12,121.25,123.12,119.28,121.91,6218003
2020-06-15,119.19,122.37,118.29,121.65,5148756
2020-06-16,125.0,127.5,123.16,125.15,5605791
2020-06-17,125.83,126.25,123.4,124.15,3153862
2020-06-18,123.0,124.4,122.33,124.16,2860286
2020-06-19,126.17,126.82,122.25,122.47,8098994
2020-06-22,122.12,122.5,120.53,121.07,4762601
2020-06-23,122.01,122.9,119.23,119.41,6628278
2020-06-24,118.32,118.32,115.88,116.42,6747421
2020-06-25,116.76,119.21,116.1,119.03,6128720
2020-06-26,118.26,118.99,116.26,117.19,10749166
2020-06-29,117.98,119.78,117.37,119.75,4159488
2020-06-30,119.19,121.2,119.0,120.77,3916381
2020-07-01,120.27,121.23,118.37,118.54,4657168
2020-07-02,119.69,121.42,119.26,119.7,3745663
2020-07-06,121.25,121.85,119.46,120.19,4044188
2020-07-07,119.0,119.51,117.33,117.58,4278088
2020-07-08,118.06,118.64,116.48,117.71,5191792
2020-07-09,118.0,118.0,115.2,115.71,4760875
2020-07-10,115.5,118.57,115.29,118.35,4285088
2020-07-13,119.78,120.99,118.66,119.2,4644595
2020-07-14,118.62,120.89,117.92,120.6,4531393
2020-07-15,122.4,123.96,122.15,123.0,4470095
2020-07-16,122.68,124.48,122.16,124.01,4328856
2020-07-17,124.39,125.63,123.2,125.11,3983972
2020-07-20,126.07,127.07,125.14,126.37,9737157
2020-07-21,131.16,132.17,125.8,126.06,15356679
2020-07-22,125.9,129.47,125.8,128.67,8195366
2020-07-23,129.1,129.37,127.15,127.33,4220136
2020-07-24,126.48,127.6459,125.5,125.79,3531076
2020-07-27,124.86,126.32,124.71,126.21,3733547
2020-07-28,125.82,126.34,124.15,124.47,4178176
2020-07-29,124.56,125.99,124.07,125.32,2833141
2020-07-30,123.71,123.9046,121.64,122.9,3988062
2020-07-31,122.71,122.99,121.09,122.94,5277652
2020-08-03,123.5,124.41,122.15,124.31,3526574
2020-08-04,123.82,125.86,123.82,125.84,3431366
2020-08-05,126.73,126.75,124.61,125.45,3675400
2020-08-06,125.0,126.26,125.0,126.12,3417131
2020-08-07,123.5,125.07,123.21,124.96,3651226
2020-08-10,125.42,127.24,125.1849,127.11,3968295
2020-08-11,128.76,130.47,126.61,126.75,5001176
2020-08-12,127.61,127.79,125.876,126.7,3530177
2020-08-13,125.96,126.39,124.77,125.03,3171258
2020-08-14,124.2,125.56,123.91,125.27,2963753
2020-08-17,125.25,125.59,124.41,124.44,3336459
2020-08-18,125.0,125.5,124.24,124.92,2882355
2020-08-19,124.83,125.5,123.5,123.84,3743949
2020-08-20,123.2,124.04,122.81,123.15,2561164
2020-08-21,123.01,123.4842,122.31,123.16,3385051
2020-08-24,123.79,126.06,123.36,125.68,4070816
2020-08-25,126.0,126.82,124.49,124.64,2977697
2020-08-26,124.95,125.12,123.95,124.17,3388687
2020-08-27,124.6,125.1,123.98,124.65,3422654
2020-08-28,124.96,125.3,124.2187,125.07,3099940
2020-08-31,125.25,125.25,123.03,123.31,4827879
2020-09-01,122.85,123.95,122.15,123.4,3155623
2020-09-02,123.72,128.7,123.575,128.18,6592430
2020-09-03,128.19,129.95,123.65,124.45,5716750
2020-09-04,124.35,125.35,121.24,122.3,6018238
2020-09-08,122.16,122.87,120.71,121.21,5210292
2020-09-09,122.13,123.7,121.29,122.26,3770678
2020-09-10,122.53,123.5764,120.24,120.56,3978805
2020-09-11,121.39,122.7,120.73,121.46,3548091
2020-09-14,122.36,123.38,121.76,122.09,3641887
2020-09-15,122.82,123.4,122.24,122.44,2915221
2020-09-16,122.71,125.82,122.71,124.22,3789458
2020-09-17,122.62,125.55,121.97,124.92,3171262
2020-09-18,124.26,124.92,122.65,122.76,5391570
2020-09-21,120.48,120.7,118.58,120.25,5311441
2020-09-22,120.33,121.45,119.53,120.51,2957809
2020-09-23,120.8,121.59,118.43,118.83,3939398
2020-09-24,118.1,119.515,116.48,118.09,3546160
2020-09-25,117.6,119.41,116.94,118.95,2953686
2020-09-28,120.57,122.33,120.41,121.73,3509576
2020-09-29,121.41,122.1858,120.21,120.94,2130564
2020-09-30,121.38,122.91,120.8,121.67,3261235
2020-10-01,122.36,123.3,120.355,121.09,3211661
2020-10-02,119.04,121.75,118.82,120.57,2925228
2020-10-05,121.84,122.75,121.05,122.01,3050949
2020-10-06,122.58,124.83,121.59,121.97,3872265
2020-10-07,122.67,124.39,122.32,124.07,2815663
2020-10-08,130.86,135.5,129.77,131.49,25288926
2020-10-09,132.0,132.0,127.6,127.79,8353704
2020-10-12,128.07,128.25,126.44,127.21,4635115
2020-10-13,126.57,127.15,124.46,125.1,5406088
2020-10-14,125.13,126.94,125.13,125.94,3730139
2020-10-15,124.08,125.215,123.85,124.89,3389301
2020-10-16,125.17,126.43,124.655,125.93,4714320
2020-10-19,126.8,127.35,125.08,125.52,7478735
2020-10-20,119.8,120.15,116.84,117.37,21501073
2020-10-21,116.66,117.6899,114.79,115.06,9755308
2020-10-22,115.0,116.06,112.98,115.76,7858158
2020-10-23,116.5,116.62,115.53,116.0,3893362
2020-10-26,114.45,114.9,111.84,112.22,7203366
2020-10-27,112.15,112.22,110.03,110.56,5936106
2020-10-28,108.66,109.73,105.92,106.65,9427321
2020-10-29,107.25,109.64,106.55,108.91,6760241
2020-10-30,107.9,111.8,107.75,111.66,7923882
2020-11-02,112.65,113.8265,112.25,112.91,5311497
2020-11-03,114.0,115.65,113.63,114.16,4204287
2020-11-04,112.33,113.91,111.16,111.9,5800071
2020-11-05,113.3,115.29,113.01,114.77,4902206
2020-11-06,115.08,115.1,113.39,114.04,5249171
2020-11-09,117.88,119.74,115.27,115.53,8992152
2020-11-10,116.69,118.17,116.25,117.91,5622756
2020-11-11,118.12,118.35,116.22,117.2,4289601
2020-11-12,115.63,116.37,113.48,114.5,6500799
2020-11-13,115.19,117.37,115.01,116.85,4683512
2020-11-16,118.3,118.55,117.12,118.36,5293385
2020-11-17,117.6,118.54,117.07,117.7,4134455
2020-11-18,117.72,118.88,116.75,116.77,4606828
2020-11-19,116.54,117.45,115.89,117.18,3439648
2020-11-20,117.6,118.04,116.69,116.94,5024593
2020-11-23,117.43,120.515,117.27,120.09,5655119
2020-11-24,120.86,124.73,120.805,124.42,7535949
2020-11-25,122.93,124.33,122.11,124.2,4135894
2020-11-27,124.2,125.313,123.91,124.35,2091186
2020-11-30,124.1,125.0,123.09,123.52,5987991
2020-12-01,123.9,125.83,123.08,123.16,5099334
2020-12-02,122.85,124.64,122.41,124.62,3690737
2020-12-03,124.16,124.86,123.29,123.61,4548161
2020-12-04,123.97,127.38,123.64,127.2,5522760
2020-12-07,126.49,126.97,124.57,124.7,8318500
2020-12-08,125.32,126.33,124.64,125.71,5395024
2020-12-09,125.8,127.69,125.7,126.79,6513517
2020-12-10,126.35,126.93,124.94,124.96,4803172
2020-12-11,124.08,125.51,123.61,124.27,4481416
2020-12-14,125.32,126.2435,123.47,123.53,5050023
2020-12-15,124.39,125.93,123.44,125.93,4359601
2020-12-16,125.93,126.5728,125.286,125.55,4530096
2020-12-17,126.08,126.09,124.91,125.55,3787962
2020-12-18,125.59,126.4,124.97,125.85,7552845
2020-12-21,123.97,124.18,121.72,123.39,6115671
2020-12-22,123.31,124.22,122.41,123.61,4337757
2020-12-23,123.88,125.21,123.74,123.9,2693889
2020-12-24,125.0,125.1,124.21,124.69,1761122
2020-12-28,125.1,126.6,124.46,124.82,3583222
2020-12-29,125.35,125.48,123.24,123.8,3487007
2020-12-30,123.8,124.85,123.63,124.34,3380494
2020-12-31,124.22,126.03,123.99,125.88,3574696
2021-01-04,125.85,125.9174,123.04,123.94,5179161
2021-01-05,125.01,126.68,124.61,126.14,6114619
2021-01-06,126.9,131.88,126.72,129.29,7956740
2021-01-07,130.04,130.46,128.26,128.99,4507382
2021-01-08,128.57,129.32,126.98,128.53,4676487
2021-01-11,127.95,129.675,127.66,128.58,5602466
2021-01-12,129.09,129.85,127.94,129.21,3729068
2021-01-13,129.15,129.75,126.455,126.92,7677739
2021-01-14,128.02,130.16,127.55,128.97,7503180
2021-01-15,128.28,129.24,127.67,128.39,4905506
2021-01-19,129.28,129.59,128.0885,129.02,5397956
2021-01-20,129.7,131.06,128.56,130.08,5598705
2021-01-21,130.12,132.24,130.05,131.65,12819233
2021-01-22,120.7,120.7,117.36,118.61,38063533
2021-01-25,118.7624,119.538,117.45,118.58,13686391
2021-01-26,119.18,122.59,118.42,122.49,10694708
2021-01-27,122.08,124.79,121.6214,122.47,12146541
2021-01-28,122.8,123.2,120.07,120.08,8084051
2021-01-29,120.22,121.3,118.9,119.11,11825496
2021-02-01,119.9,120.95,118.73,120.54,6250508
2021-02-02,119.36,121.0,119.28,119.44,6311881
2021-02-03,119.04,119.8,118.12,119.12,6715366
2021-02-04,119.91,121.1,118.87,121.02,4562124
2021-02-05,121.0,121.81,120.52,121.79,4565727
2021-02-08,122.62,123.9767,122.4,123.61,5887999
2021-02-09,121.9,122.5953,121.05,122.1,4661655
2021-02-10,123.03,123.41,121.2138,122.24,4831858
2021-02-11,122.0,122.205,120.63,120.91,5381556
2021-02-12,121.0,121.36,120.09,120.8,3871195
2021-02-16,120.15,120.6,119.36,120.07,6639790
2021-02-17,119.27,120.56,119.02,119.97,3949876
2021-02-18,120.5,120.94,119.7,120.73,5399145
2021-02-19,120.75,120.76,118.38,118.99,6578741
2021-02-22,118.5,121.125,118.44,120.86,5838841
2021-02-23,120.92,121.35,119.8,120.71,4531464
2021-02-24,120.8,123.49,120.52,123.21,5819983
2021-02-25,123.37,124.35,122.335,122.47,5672671
2021-02-26,122.25,122.25,118.88,118.93,8868848
2021-03-01,120.35,122.32,119.8649,120.74,5715767
2021-03-02,120.74,121.9,120.26,120.33,4524299
2021-03-03,120.5,122.634,119.98,122.36,7404269
2021-03-04,122.0,123.22,118.755,120.11,8068492
2021-03-05,120.64,123.75,120.25,122.83,6949265
2021-03-08,122.99,126.85,122.88,124.81,7239191
2021-03-09,125.4,126.43,124.16,124.18,5609029
2021-03-10,125.05,128.24,124.61,127.87,7247807
2021-03-11,128.09,128.64,126.78,127.14,5146937
2021-03-12,127.19,127.68,126.61,127.61,4010100
2021-03-15,127.77,128.75,127.5401,128.58,3421281
2021-03-16,128.28,128.52,127.34,128.24,4653178
2021-03-17,128.46,129.49,127.49,129.03,4291351
2021-03-18,128.94,130.995,127.79,130.06,5835669
2021-03-19,130.02,130.44,128.53,128.9,9844983
2021-03-22,128.5,130.72,127.89,130.55,4164914
2021-03-23,130.44,131.56,129.8,130.46,4356359
2021-03-24,130.95,132.11,130.57,130.62,4005027
2021-03-25,130.33,133.24,129.77,133.07,5553966
2021-03-26,133.29,136.48,133.12,136.38,5567592
2021-03-29,135.98,137.07,135.51,135.86,4622664
2021-03-30,135.86,136.27,134.02,134.72,4790366
2021-03-31,134.54,134.71,132.71,133.26,4945315
2021-04-01,133.76,133.93,132.27,133.23,4074161
2021-04-05,133.64,136.69,133.4,135.93,5471616
2021-04-06,135.58,135.64,134.09,134.22,3620964
2021-04-07,133.84,134.94,133.78,134.93,2976136
2021-04-08,134.57,135.6299,134.16,135.12,4087228
2021-04-09,134.87,135.74,134.71,135.73,3023916
2021-04-12,135.02,135.37,133.85,134.59,3753959
2021-04-13,133.0,133.62,130.38,131.18,8033530
2021-04-14,131.305,132.78,130.52,132.63,5868049
2021-04-15,133.28,133.87,132.22,132.58,3883955
2021-04-16,133.0,134.1,132.95,133.59,5291756
2021-04-19,133.6,133.815,132.58,133.12,8198582
2021-04-20,137.07,139.77,136.7,138.16,15480579
2021-04-21,138.06,143.73,137.71,143.55,11909005
2021-04-22,143.7,144.74,141.0,141.28,7101368
2021-04-23,141.31,143.61,140.95,142.43,4556700
2021-04-26,142.42,143.63,141.48,141.57,4710763
2021-04-27,141.69,142.56,140.75,142.01,3884037
2021-04-28,142.92,143.4,142.1,143.0,3768129
2021-04-29,144.13,148.74,142.98,144.24,4353880
2021-04-30,143.7,143.83,140.55,141.88,8872181
2021-05-03,143.81,145.75,143.55,144.75,5733463
2021-05-04,144.41,146.59,144.33,145.75,6350479
2021-05-05,145.94,145.94,144.97,145.22,4999900
2021-05-06,145.26,148.515,145.18,148.42,7503487
2021-05-07,145.92,146.14,144.57,145.46,7003467
2021-05-10,145.8,148.38,145.8,146.17,6983377
2021-05-11,144.99,145.19,142.9,144.22,7126404
2021-05-12,143.84,144.15,141.14,141.3,5959579
2021-05-13,141.45,144.9,141.28,144.17,4598920
2021-05-14,145.11,145.69,143.96,144.68,2747385
2021-05-17,144.44,145.8,144.33,145.11,4275172
2021-05-18,144.78,145.3,143.23,143.91,3824050
2021-05-19,142.32,143.2,140.92,143.19,4300732
2021-05-20,143.12,144.91,142.16,143.88,4112690
2021-05-21,144.28,145.699,144.28,144.74,4033482
2021-05-24,145.06,145.39,144.18,144.72,3297570
2021-05-25,144.92,145.0,143.2,143.79,3937323
2021-05-26,143.5,143.9894,143.04,143.38,3083789
2021-05-27,143.82,144.77,143.63,143.82,5630345
2021-05-28,144.21,144.33,143.485,143.74,2534811
2021-06-01,145.0,145.83,143.75,144.19,2417455
2021-06-02,144.62,145.75,144.11,145.72,2786916
2021-06-03,144.91,145.88,144.04,145.55,4130741
2021-06-04,146.0,147.55,145.76,147.42,3117905
2021-06-07,147.55,148.74,147.17,148.02,3462712
2021-06-08,148.12,150.2,148.12,149.07,5080099
2021-06-09,149.03,151.07,148.82,150.67,5303252
2021-06-10,151.47,152.84,149.76,150.54,4758488
2021-06-11,150.43,151.845,150.37,151.28,3438255
2021-06-14,150.71,151.03,148.655,150.03,3344845
2021-06-15,149.85,149.91,148.6,149.36,2513281
2021-06-16,149.76,149.76,147.22,147.83,3795420
2021-06-17,147.55,148.06,145.28,145.6,4367387
2021-06-18,144.48,144.68,143.04,143.12,9156505
2021-06-21,144.11,147.07,144.06,146.65,4285711
2021-06-22,146.52,146.81,145.35,146.36,2437121
2021-06-23,146.43,146.5,144.57,144.61,3202644
2021-06-24,145.8,146.19,144.69,145.44,3609679
2021-06-25,145.38,146.93,144.945,146.84,3594218
2021-06-28,147.01,147.3,144.9121,145.29,3888869
2021-06-29,145.26,146.74,145.1,145.55,2428626
2021-06-30,145.13,146.93,144.71,146.59,3245091
2021-07-01,146.96,147.5,146.57,146.84,2686289
2021-07-02,146.91,146.95,139.46,140.02,16828161
2021-07-06,139.99,140.42,137.1,138.78,8093747
2021-07-07,138.76,140.33,138.76,139.82,4059667
2021-07-08,137.78,141.31,137.66,140.74,5487425
2021-07-09,141.45,141.98,140.841,141.52,3904059
2021-07-12,141.43,141.9599,140.115,140.92,3342627
2021-07-13,140.92,140.92,139.63,140.28,3164294
2021-07-14,140.72,140.75,138.9273,139.82,4403752
2021-07-15,139.32,140.46,138.8005,140.45,3639698
2021-07-16,141.0,141.0,138.59,138.9,4109308
2021-07-19,136.45,138.49,136.2089,137.92,8582302
2021-07-20,143.0,144.92,138.7,139.97,13611675
2021-07-21,139.97,141.39,139.65,141.3,4803977
2021-07-22,141.66,141.81,140.41,140.71,3314153
2021-07-23,140.96,141.7,140.33,141.34,4474157
2021-07-26,141.39,143.0,141.13,142.77,4246266
2021-07-27,142.53,143.64,141.6,142.75,3137027
2021-07-28,143.01,143.1,141.64,141.77,2544099
2021-07-29,142.33,142.96,141.6,141.93,2657669
2021-07-30,141.52,141.85,140.79,140.96,3535555
2021-08-02,141.45,143.06,141.03,141.42,2929540
2021-08-03,141.9,144.7,141.65,144.07,4084724
2021-08-04,143.8,144.18,142.47,142.76,2830079
2021-08-05,143.03,143.41,142.22,142.77,2757389
2021-08-06,143.0,144.39,142.89,144.09,3826835
2021-08-09,142.2,142.495,140.97,141.25,4904065
2021-08-10,141.21,141.811,140.34,141.38,5299869
2021-08-11,141.78,142.7685,141.5,142.13,4259952
2021-08-12,142.26,143.15,142.0766,143.07,2089418
2021-08-13,142.64,143.58,142.44,143.18,1908951
2021-08-16,143.23,143.74,142.23,143.59,2786343
2021-08-17,143.0,143.16,141.09,142.42,3074078
2021-08-18,141.67,141.915,139.39,139.47,3510694
2021-08-19,138.69,139.45,137.21,138.02,4160129
2021-08-20,137.74,139.38,137.27,139.11,2657763
2021-08-23,139.62,140.15,138.8,139.62,3039587
2021-08-24,139.78,140.23,139.32,139.84,2365638
2021-08-25,139.92,140.8,139.46,139.86,2012817
2021-08-26,139.97,140.8,138.71,138.78,2498915
2021-08-27,138.71,139.585,138.4,139.41,2459643
2021-08-30,139.5,139.88,138.815,138.97,1995526
2021-08-31,139.54,140.94,138.95,140.34,4235101
2021-09-01,139.98,140.0699,139.19,139.3,2474544
2021-09-02,139.72,140.05,139.03,140.01,2715659
2021-09-03,139.68,140.47,139.3,139.58,1924215
2021-09-07,139.65,139.79,137.7614,138.06,3285363
2021-09-08,138.14,139.09,137.6,138.67,2985409
2021-09-09,137.85,138.96,137.555,137.74,3508363
2021-09-10,138.82,139.3699,137.0,137.02,3975115
2021-09-13,138.4,138.99,137.51,138.15,4144345
2021-09-14,138.4,138.57,135.34,136.22,4454291
2021-09-15,136.22,137.8,135.67,137.2,3254122
2021-09-16,137.28,137.95,135.71,136.43,2643975
2021-09-17,135.75,135.9199,135.05,135.23,5633480
2021-09-20,133.9,135.18,132.78,134.31,4770651
2021-09-21,135.11,135.65,132.94,132.97,4074528
2021-09-22,133.72,135.37,133.47,134.63,3602416
2021-09-23,135.25,137.42,135.03,136.73,3013238
2021-09-24,137.03,138.48,136.75,137.49,2964397
2021-09-27,137.96,139.065,137.48,138.56,3306865
2021-09-28,139.17,139.688,137.21,137.47,4314595
2021-09-29,137.73,139.93,136.44,139.18,3774236
2021-09-30,140.0,140.57,138.5,138.93,5824431
2021-10-01,141.0,143.97,140.37,143.32,6604064
2021-10-04,142.74,146.0,142.3501,144.11,7351128
2021-10-05,144.75,145.0,142.64,143.15,6976648
2021-10-06,142.48,143.37,140.89,142.36,5328433
2021-10-07,142.73,143.395,141.53,141.81,3823803
2021-10-08,141.81,143.65,141.05,143.22,3731279
2021-10-11,143.5,144.08,142.4,142.43,2793298
2021-10-12,142.21,142.3,140.3,140.47,3148559
2021-10-13,140.52,141.41,139.66,140.76,2880747
2021-10-14,141.04,143.92,141.01,143.39,4217305
2021-10-15,143.39,144.85,142.79,144.61,3222778
2021-10-18,144.0,144.94,141.759,142.32,6154055
2021-10-19,141.08,142.94,140.5201,141.98,4339548
2021-10-20,141.68,142.2,140.7,141.9,6189255
2021-10-21,133.51,133.72,128.1,128.33,31466529
2021-10-22,128.05,130.25,126.611,127.88,11582195
2021-10-25,127.53,128.65,126.94,127.64,6374038
2021-10-26,127.52,128.3,126.755,127.13,8520872
2021-10-27,127.44,127.88,125.01,125.17,6973432
2021-10-28,125.17,126.31,124.62,125.84,6503003
2021-10-29,125.43,126.32,124.91,125.1,5916789
2021-11-01,125.05,126.31,123.8375,126.28,5874767
2021-11-02,126.3,127.17,124.91,126.18,4496393
2021-11-03,126.23,127.29,125.68,127.13,5421406
2021-11-04,123.05,123.34,119.9,120.85,7208736
2021-11-05,121.43,123.77,121.43,123.61,6790478
2021-11-08,123.985,124.78,123.53,124.54,5625275
2021-11-09,122.56,122.9,120.26,120.85,7195453
2021-11-10,121.0,122.43,119.932,120.22,6268961
2021-11-11,120.9,121.7894,120.08,120.27,4643257
2021-11-12,120.0,120.64,118.78,118.96,5376966
2021-11-15,119.54,120.16,118.31,118.87,5046321
2021-11-16,118.92,119.9,118.42,118.46,4750760
2021-11-17,118.38,119.33,117.78,118.06,4043289
2021-11-18,118.36,118.36,116.31,116.66,5047879
2021-11-19,116.49,116.56,115.27,116.05,5384548
2021-11-22,116.0,118.81,115.19,116.47,6417218
2021-11-23,116.79,117.94,116.04,116.79,4914995
2021-11-24,116.16,117.27,116.08,116.73,3220802
2021-11-26,115.0,116.335,114.56,115.81,3322012
2021-11-29,118.62,119.61,117.53,118.5,8949795
2021-11-30,117.5,119.2399,116.45,117.1,9252701
2021-12-01,118.25,118.93,116.85,116.92,5959867
2021-12-02,117.37,117.98,116.56,116.9,5267149
2021-12-03,117.36,119.36,117.36,118.84,6630139
2021-12-06,119.4,121.15,119.4,119.91,4785560
2021-12-07,120.475,122.08,120.07,121.58,5193991
2021-12-08,122.0,123.38,121.52,123.02,5483948
2021-12-09,122.15,123.95,121.79,123.57,4601092
2021-12-10,124.3,125.33,123.36,124.09,4966921
2021-12-13,123.76,124.3554,120.79,122.58,6847468
2021-12-14,122.35,125.03,122.3,123.76,5716124
2021-12-15,123.8,124.815,122.18,123.11,4990028
2021-12-16,123.51,126.6399,123.475,125.93,7280537
2021-12-17,125.87,128.64,125.2093,127.4,10382693
2021-12-20,125.72,127.2,124.7,127.06,4941411
2021-12-21,127.66,129.3356,127.66,128.97,4855972
2021-12-22,129.06,129.79,127.6,129.75,3923198
2021-12-23,130.0,130.96,129.52,130.63,3649044
2021-12-27,130.63,131.65,129.95,131.62,4294499
2021-12-28,131.6,133.22,131.59,132.63,3447079
2021-12-29,132.4,134.21,132.3,133.35,4239935
2021-12-30,133.75,134.37,133.33,133.91,3158111
2021-12-31,134.0,134.99,133.61,133.66,3315313
2022-01-03,134.07,136.295,133.63,136.04,4610665
2022-01-04,136.1,139.95,135.9,138.02,7300011
2022-01-05,138.31,142.2,137.88,138.22,8956910
2022-01-06,138.2,138.4099,132.51,135.34,9908081
2022-01-07,134.9,135.6618,133.5111,134.83,5238099
2022-01-10,134.47,136.2,133.38,135.03,5432807
2022-01-11,130.52,133.25,127.97,132.87,11081210
2022-01-12,133.25,134.47,131.37,133.59,5352014
2022-01-13,133.9,136.05,133.56,134.76,4868349
2022-01-14,134.55,135.14,133.3,134.21,5310305
2022-01-18,132.95,133.89,131.78,132.94,5236258
2022-01-19,132.9,133.9,131.5,131.58,4099035
2022-01-20,131.26,132.88,130.5705,130.82,5278244
2022-01-21,131.65,131.87,129.27,129.35,5906950
2022-01-24,127.99,129.15,124.193,128.82,13777648
2022-01-25,129.14,137.3361,128.3,136.1,19715698
2022-01-26,136.47,137.07,133.13,134.26,8335992
2022-01-27,133.66,134.75,132.08,132.52,5499566
2022-01-28,133.19,134.53,131.79,134.5,5471497
2022-01-31,134.09,134.09,132.3,133.57,5859043
2022-02-01,133.76,135.96,132.5,135.53,6206448
2022-02-02,135.7,137.555,135.26,137.25,5357237
2022-02-03,137.0,138.76,135.831,137.78,6100777
2022-02-04,137.86,138.82,136.215,137.15,4142045
2022-02-07,137.45,137.8223,136.27,137.24,3759046
2022-02-08,137.23,137.52,135.78,137.02,4181825
2022-02-09,137.84,138.35,136.83,137.79,5393478
2022-02-10,135.47,136.56,133.17,133.52,5978640
2022-02-11,133.9,134.7099,132.38,132.69,4176155
2022-02-14,132.59,132.65,129.07,130.15,5345289
2022-02-15,130.64,131.68,129.61,129.94,4395714
2022-02-16,129.45,130.44,128.26,129.18,4875612
2022-02-17,128.05,128.5,124.85,124.97,6796997
2022-02-18,124.94,125.44,123.61,124.35,4609212
2022-02-22,124.2,125.0,122.68,123.92,5306688
2022-02-23,124.38,124.7,121.87,122.07,4086367
2022-02-24,120.0,122.1,118.81,121.97,6563202
2022-02-25,122.05,124.2625,121.45,124.18,4460904
2022-02-28,122.21,123.3851,121.0388,122.51,6757332
2022-03-01,122.67,123.39,120.7,121.35,4873331
2022-03-02,122.59,124.64,121.8,123.86,4891435
2022-03-03,124.96,126.665,124.2351,125.93,5206649
2022-03-04,124.4,127.35,124.2103,126.62,4402911
2022-03-07,126.47,127.905,125.62,126.07,5047358
2022-03-08,126.62,128.345,124.82,125.68,4887565
2022-03-09,127.41,128.1,125.91,126.22,4403499
2022-03-10,125.75,126.03,123.125,124.35,5326835
2022-03-11,125.0,126.77,123.91,123.96,4119630
2022-03-14,124.45,125.16,122.685,123.94,3289440
2022-03-15,124.0,125.9398,123.22,125.64,4021228
2022-03-16,126.5,127.2842,124.71,127.04,4292845
2022-03-17,127.1,128.29,126.53,127.96,3671903
2022-03-18,127.38,128.93,126.37,128.76,7400216
2022-03-21,129.0,129.74,127.4,128.1,3379393
2022-03-22,128.5,129.3,127.85,129.06,2649026
2022-03-23,129.08,129.32,128.25,128.3,2924535
2022-03-24,128.33,129.37,127.8,129.25,2971075
2022-03-25,129.5,131.4,129.31,131.35,3516923
2022-03-28,130.82,131.5,129.6,131.47,2483492
2022-03-29,132.04,132.84,130.43,131.94,5791032
2022-03-30,132.01,133.08,131.39,132.13,2622860
2022-03-31,130.72,131.88,130.0,130.02,4274029
2022-04-01,129.66,130.27,128.06,130.15,4012373
2022-04-04,130.26,130.45,128.93,130.27,2811100
2022-04-05,129.85,131.23,128.66,128.89,3102238
2022-04-06,127.78,129.515,127.25,129.39,3958057
2022-04-07,128.87,129.2499,126.73,128.55,3538317
2022-04-08,128.01,128.78,127.27,127.73,3143309
2022-04-11,127.95,128.175,126.18,126.37,3202545
2022-04-12,126.42,127.34,125.5835,125.98,2690998
2022-04-13,125.64,126.67,124.91,126.14,3064918
2022-04-14,128.93,130.58,126.38,126.56,6384180
2022-04-18,126.6,127.3899,125.53,126.17,4884150
2022-04-19,126.08,129.4,126.0,129.15,7971361
2022-04-20,135.0,139.56,133.38,138.32,17770306
2022-04-21,138.23,141.88,137.35,139.85,9922349
2022-04-22,139.7,140.4399,137.35,138.25,6508599
2022-04-25,137.59,139.65,135.19,139.1,5748289
2022-04-26,139.0,139.87,136.17,136.19,4887395
2022-04-27,135.78,137.12,134.63,135.06,4369052
2022-04-28,136.85,136.99,134.81,135.74,4477068
2022-04-29,135.13,135.5545,132.0,132.21,5078660
2022-05-02,133.0,133.77,130.89,133.04,4213477
2022-05-03,133.0,133.6,131.99,132.52,3688574
2022-05-04,132.87,137.87,132.14,137.4,5913705
2022-05-05,136.46,137.26,134.76,135.92,5957434
2022-05-06,135.47,137.99,135.47,137.67,7306396
2022-05-09,134.41,136.345,133.315,134.44,7647933
2022-05-10,135.0,135.41,128.43,129.13,8642398
2022-05-11,129.86,132.96,129.86,130.75,5301131
2022-05-12,131.27,133.62,130.41,132.9,5384809
2022-05-13,133.0,133.8,131.05,133.6,4195218
2022-05-16,133.1,136.51,132.41,135.03,4250395
2022-05-17,137.19,138.37,135.64,138.37,4372909
2022-05-18,137.1,137.615,132.17,132.94,6003015
2022-05-19,132.0,132.32,128.71,129.66,5819664
2022-05-20,130.18,130.37,125.8,128.48,6914458
2022-05-23,129.5,131.95,129.42,131.17,3591511
2022-05-24,130.57,134.37,130.42,133.8,4189723
2022-05-25,132.86,134.82,132.86,134.39,3299303
2022-05-26,135.0,137.55,134.52,136.89,3929338
2022-05-27,137.39,139.7394,137.24,139.27,4608215
2022-05-31,138.2,139.83,136.81,138.84,7978053
2022-06-01,139.67,140.4699,138.52,139.43,3796488
2022-06-02,139.45,140.29,136.85,140.15,3734812
2022-06-03,140.26,142.5794,139.74,141.18,4352213
2022-06-06,142.98,144.73,142.0,142.88,4767100
2022-06-07,142.6,142.98,140.96,142.78,2887051
2022-06-08,142.07,142.8,140.15,140.83,3005666
2022-06-09,140.15,141.04,137.93,137.96,3592551
2022-06-10,137.8,137.8,135.25,136.19,4661716
2022-06-13,133.97,137.57,133.76,135.11,6486044
2022-06-14,135.0,136.9501,134.86,135.72,4607785
2022-06-15,136.01,138.45,135.58,137.06,4606887
2022-06-16,135.3,136.24,134.39,135.67,5386396
2022-06-17,135.99,136.98,132.85,135.02,12968509
2022-06-21,135.9,138.5,135.9,137.85,4089272
2022-06-22,136.1,138.18,136.03,137.08,3791635
2022-06-23,137.14,138.62,136.5,138.44,4547925
2022-06-24,139.2,142.37,139.13,142.06,11493012
2022-06-27,142.26,143.83,141.95,142.8,3935968
2022-06-28,142.92,144.155,141.32,141.86,4065202
2022-06-29,142.74,143.5213,139.5,140.71,4161491
2022-06-30,139.58,142.46,139.28,141.19,4878020
2022-07-01,141.0,141.67,139.26,141.12,4012106
2022-07-05,139.97,139.97,135.27,137.62,6274067
2022-07-06,138.0,139.14,137.13,138.08,3237059
2022-07-07,138.91,141.325,138.83,140.83,3897077
2022-07-08,140.76,141.3203,139.82,140.47,2820928
2022-07-11,140.62,141.87,140.13,141.0,3912773
2022-07-12,140.84,141.55,138.565,139.18,3235571
2022-07-13,137.18,138.9,136.8,137.18,4123213
2022-07-14,135.6,139.43,135.02,139.06,5298351
2022-07-15,140.68,140.68,138.61,139.92,4519320
2022-07-18,140.15,140.31,137.7844,138.13,8231694
2022-07-19,131.58,132.56,127.72,130.88,29690535
2022-07-20,130.7,130.72,128.06,129.18,9882016
2022-07-21,128.75,128.81,125.13,127.15,11975361
2022-07-22,127.03,128.32,125.71,128.25,6467205
2022-07-25,128.44,129.1257,127.9,128.54,4702352
2022-07-26,128.26,129.3,127.63,128.08,3645313
2022-07-27,127.97,129.43,127.58,129.12,4175625
2022-07-28,128.75,129.81,128.606,129.22,3913680
2022-07-29,129.52,131.0,129.31,130.79,5786815
2022-08-01,130.75,132.7,130.7,132.04,4142099
2022-08-02,132.2,132.78,130.51,131.81,4403633
2022-08-03,131.82,132.862,131.32,132.34,3088532
2022-08-04,132.15,132.2866,131.02,131.64,3179789
2022-08-05,131.25,132.67,131.07,132.48,2586519
2022-08-08,133.1,133.35,132.02,132.61,3825145
2022-08-09,129.92,130.79,129.12,129.47,3495991
2022-08-10,130.75,131.78,130.34,131.5,3663995
2022-08-11,132.36,133.225,132.0,132.54,3501925
2022-08-12,132.62,134.09,131.98,134.01,2767054
2022-08-15,132.96,135.19,132.24,134.93,2791241
2022-08-16,134.6,137.37,134.4517,136.56,4313600
2022-08-17,136.46,138.415,136.3,137.79,3667568
2022-08-18,137.79,139.12,137.75,139.07,3177726
2022-08-19,138.75,139.34,137.66,138.37,3155842
2022-08-22,137.65,137.85,135.47,135.55,3093629
2022-08-23,135.37,136.1,134.72,134.74,4141798
2022-08-24,134.89,135.11,133.11,133.23,2855421
2022-08-25,133.65,134.425,133.07,133.98,2706005
2022-08-26,134.1,134.18,130.34,130.38,4185254
2022-08-29,129.99,131.42,129.57,130.31,2751308
2022-08-30,130.56,130.77,129.29,129.58,2407888
2022-08-31,129.92,130.0,128.4,128.45,3490380
2022-09-01,128.4,129.8173,127.74,129.66,3396219
2022-09-02,130.3,130.56,127.24,127.79,3040813
2022-09-06,127.8,128.06,126.3,126.72,3345343
2022-09-07,126.69,127.8667,126.28,127.71,2401513
2022-09-08,127.2,128.54,126.59,128.47,2964613
2022-09-09,128.9,129.49,128.06,129.19,3293365
2022-09-12,130.33,130.99,129.89,130.66,3741168
2022-09-13,129.14,129.909,126.7709,127.25,4565585
2022-09-14,127.5,129.0,126.845,127.69,3819067
2022-09-15,127.39,127.465,124.9,125.49,5141671
2022-09-16,124.36,127.53,123.83,127.27,9839696
2022-09-19,126.49,128.06,126.28,127.73,3981606
2022-09-20,126.9,126.99,125.52,126.3,2837485
2022-09-21,126.89,127.84,124.92,124.93,3389545
2022-09-22,124.76,126.51,124.41,125.31,4038335
2022-09-23,124.53,125.0,121.74,122.71,5195693
2022-09-26,122.3,124.26,121.75,122.01,3987817
2022-09-27,122.6,123.95,121.08,121.74,4117215
2022-09-28,121.65,123.23,119.81,122.76,4996378
2022-09-29,121.85,122.62,120.57,121.63,3817723
2022-09-30,121.66,122.43,118.61,118.81,5346108
2022-10-03,120.16,122.21,119.6,121.51,4261729
2022-10-04,122.8,125.65,122.52,125.5,4566055
2022-10-05,124.71,126.46,124.23,125.74,3212872
2022-10-06,124.88,125.3,121.77,122.23,5074624
2022-10-07,121.5,121.8016,118.07,118.82,4499672
2022-10-10,119.79,119.96,117.04,117.75,5990008
2022-10-11,117.46,119.23,116.94,117.8,4043265
2022-10-12,118.0,118.81,117.2,117.57,3338754
2022-10-13,116.1,122.15,115.545,121.79,5837645
2022-10-14,121.8,122.54,119.84,120.04,3763840
2022-10-17,121.8,122.875,121.43,121.52,5458585
2022-10-18,123.0,123.94,121.82,122.94,5120336
2022-10-19,122.36,123.94,121.9875,122.51,5906576
2022-10-20,126.25,128.96,125.15,128.3,13623115
2022-10-21,128.39,130.845,127.59,129.9,7201256
2022-10-24,130.9,133.11,129.85,132.69,5610914
2022-10-25,132.0,133.3,131.3,132.93,5957623
2022-10-26,133.72,135.863,132.81,135.01,5140023
2022-10-27,135.55,136.4,134.445,134.77,3993168
2022-10-28,135.56,138.8615,135.22,138.51,5965457
2022-10-31,138.06,138.7699,136.595,138.29,4915270
2022-11-01,138.25,138.65,136.7,138.2,3590607
2022-11-02,137.75,140.17,136.8,136.83,5365264
2022-11-03,136.42,136.48,133.97,134.47,4442443
2022-11-04,135.65,137.73,134.94,136.96,4177972
2022-11-07,136.64,138.7,136.51,138.34,4043062
2022-11-08,139.0,140.93,138.72,140.04,5042756
2022-11-09,137.95,138.9,136.94,137.39,4720007
2022-11-10,140.26,141.37,138.29,141.23,5389025
2022-11-11,141.5,144.13,140.96,143.17,5871264
2022-11-14,142.63,146.08,142.18,144.2,5245624
2022-11-15,144.08,146.1609,142.0,144.34,4727107
2022-11-16,144.13,144.95,144.0081,144.52,3445302
2022-11-17,143.41,146.18,143.25,146.09,3955162
2022-11-18,146.56,148.31,145.94,147.64,4661735
2022-11-21,147.55,147.928,146.45,146.68,3476208
2022-11-22,147.6,149.35,147.02,149.1,7062060
2022-11-23,149.1,150.46,148.3,148.75,3658459
2022-11-25,148.27,149.49,148.101,148.37,2075156
2022-11-28,147.98,148.24,145.935,146.18,3538696
2022-11-29,145.91,147.1668,145.7,146.49,2754744
2022-11-30,146.19,149.64,145.67,148.9,6377582
2022-12-01,149.98,150.01,147.34,149.16,4495924
2022-12-02,148.13,149.16,147.73,148.67,2899995
2022-12-05,147.94,148.93,146.8,147.41,2784767
2022-12-06,147.3,147.8,146.7,147.5,2847610
2022-12-07,147.33,148.105,146.29,147.27,3971285
2022-12-08,147.9,149.153,147.365,147.78,2665687
2022-12-09,147.4,148.34,146.97,147.05,3047581
2022-12-12,147.82,149.21,146.9426,149.21,4032780
2022-12-13,150.37,153.21,149.95,150.57,8811553
2022-12-14,150.47,151.91,148.45,149.86,4205878
2022-12-15,148.52,148.98,141.58,142.36,6687744
2022-12-16,141.25,141.915,138.97,140.16,9834427
2022-12-19,140.16,140.44,137.195,138.87,5282860
2022-12-20,138.84,141.425,138.34,141.28,5156450
2022-12-21,141.84,143.09,140.975,142.14,3793700
2022-12-22,140.95,141.44,138.62,140.88,3337851
2022-12-23,140.59,141.8565,139.6,141.65,2092715
2022-12-27,141.73,142.72,141.23,142.42,2742525
2022-12-28,142.4,142.81,139.95,140.02,2539577
2022-12-29,140.58,142.26,140.45,141.06,2337207
2022-12-30,140.54,140.9,139.45,140.89,2858110
2023-01-03,141.1,141.9,140.48,141.55,3338829
2023-01-04,142.07,143.615,141.3675,142.6,3869236
2023-01-05,142.44,142.498,140.01,141.11,2866648
2023-01-06,142.38,144.25,141.58,143.7,3574042
2023-01-09,144.08,145.47,143.4,143.55,3987782
2023-01-10,143.61,144.85,142.9,144.8,2152172
2023-01-11,145.0,145.53,143.45,145.26,3268738
2023-01-12,144.88,146.66,144.52,145.55,2716118
2023-01-13,144.06,146.1,144.01,145.89,2455786
2023-01-17,146.42,147.18,145.01,145.19,2986461
2023-01-18,144.4,144.678,140.225,140.41,6445642
2023-01-19,140.0,142.23,139.75,140.62,4833924
2023-01-20,141.67,141.86,140.51,141.2,7153341
2023-01-23,141.4,142.985,141.06,141.86,5898436
2023-01-24,141.25,142.75,140.0,141.49,4407622
2023-01-25,140.47,141.03,139.36,140.76,7347453
2023-01-26,137.53,138.27,132.98,134.45,17548483
2023-01-27,134.44,135.488,133.7701,134.39,8143146
2023-01-30,134.32,136.11,133.98,135.3,5375712
2023-01-31,135.5,135.65,133.76,134.73,7206448
2023-02-01,134.49,135.79,132.8,135.09,5428898
2023-02-02,135.96,136.72,134.85,136.39,6107793
2023-02-03,136.35,136.95,135.53,136.94,3755720
2023-02-06,135.83,136.32,134.95,136.18,4841300
2023-02-07,135.67,136.4,134.45,135.84,3737553
2023-02-08,135.71,136.74,135.16,135.98,4593748
2023-02-09,134.99,135.73,133.34,133.75,3918817
2023-02-10,133.78,135.77,133.5,135.6,5049571
2023-02-13,136.0,137.39,135.85,137.35,4403015
2023-02-14,137.05,137.24,135.05,136.01,3202172
2023-02-15,135.2,136.445,135.07,136.4,2507004
2023-02-16,135.57,135.9672,134.59,135.0,2965495
2023-02-17,134.5,135.58,133.89,135.02,3466184
2023-02-21,134.0,134.385,131.66,131.71,4257210
2023-02-22,131.9,131.99,130.29,130.97,3200185
2023-02-23,131.5,131.7,128.86,130.79,3725648
2023-02-24,129.62,130.67,129.22,130.57,3015907
2023-02-27,131.42,131.87,130.13,130.49,2761326
2023-02-28,130.55,130.61,129.14,129.3,5143133
2023-03-01,128.9,129.4726,127.74,128.19,3760678
2023-03-02,128.39,129.22,127.71,128.93,3340254
2023-03-03,129.35,129.905,128.77,129.64,2860286
2023-03-06,129.64,130.86,129.59,130.19,2982980
2023-03-07,130.28,130.42,128.19,128.25,3530439
2023-03-08,128.48,128.74,127.545,128.05,2778798
2023-03-09,128.3,128.53,125.98,126.16,5478317
2023-03-10,126.12,127.29,125.13,125.45,5990867
2023-03-13,125.15,128.19,124.85,125.58,8188369
2023-03-14,126.49,126.64,123.2,124.65,8114792
2023-03-15,122.99,123.35,121.71,123.28,5989339
2023-03-16,122.96,124.82,121.92,124.7,6440023
2023-03-17,124.08,124.52,122.93,123.69,37400167
2023-03-20,124.31,126.16,124.19,125.94,4588304
2023-03-21,126.9,127.15,125.66,126.57,3856345
2023-03-22,127.0,127.215,124.01,124.05,3549024
2023-03-23,123.81,124.93,122.6,123.37,4651936
2023-03-24,123.36,125.4,122.88,125.29,3812644
2023-03-27,126.47,130.255,126.47,129.31,6524113
2023-03-28,129.18,129.66,128.8,129.34,2889115
2023-03-29,130.12,130.35,129.18,129.71,3279846
2023-03-30,130.16,131.48,129.1,129.22,3561762
2023-03-31,129.47,131.23,129.42,131.09,4524686
2023-04-03,130.97,132.61,130.77,132.06,3840139
2023-04-04,131.99,132.1499,130.89,131.6,3382783
2023-04-05,131.37,132.61,131.37,132.14,2898759
2023-04-06,132.16,132.6,130.315,130.5,3050581
2023-04-10,129.83,131.08,129.24,131.03,2614402
2023-04-11,130.58,131.105,130.18,130.42,3132430
2023-04-12,130.4,130.8857,128.17,128.54,3957542
2023-04-13,128.01,128.39,126.0,127.9,5621512
2023-04-14,128.46,129.84,127.31,128.14,4180614
2023-04-17,128.3,128.72,126.8,127.82,3657929
2023-04-18,128.14,128.68,127.35,127.78,3193787
2023-04-19,126.5,126.98,125.3,126.32,7014368
2023-04-20,130.15,130.98,125.84,126.36,9749618
2023-04-21,126.0,126.7,125.27,125.73,6725426
2023-04-24,125.55,126.05,124.56,125.4,4043892
2023-04-25,124.9,126.19,124.76,125.89,4275396
2023-04-26,125.81,126.545,125.12,125.85,4058800
2023-04-27,126.37,127.02,125.455,126.97,3204889
2023-04-28,126.58,127.25,125.64,126.41,5061247
2023-05-01,126.35,126.75,126.06,126.09,2724992
2023-05-02,126.3,126.45,123.27,125.16,4445283
2023-05-03,125.46,125.57,123.26,123.45,4554212
2023-05-04,123.03,123.52,121.7563,122.57,4468237
2023-05-05,123.11,124.1,122.805,123.65,4971936
2023-05-08,123.76,123.92,122.55,123.4,3663818
2023-05-09,121.9,121.97,120.66,121.17,4540047
2023-05-10,121.99,122.49,121.1,122.02,4189222
2023-05-11,122.02,122.24,120.55,120.9,3446452
2023-05-12,121.41,122.86,121.11,122.84,4564825
2023-05-15,123.0,123.6881,122.34,123.36,2915725
2023-05-16,123.35,123.86,122.45,123.46,2749125
2023-05-17,123.94,125.85,123.47,125.71,4515134
2023-05-18,125.3,126.51,125.1894,126.15,3797883
2023-05-19,126.79,128.29,126.55,127.26,4306657
2023-05-22,127.5,128.19,127.15,127.5,2806770
2023-05-23,127.24,129.09,127.13,128.18,4592280
2023-05-24,127.82,127.9,125.47,125.68,3915505
2023-05-25,125.61,127.23,125.01,126.76,4102854
2023-05-26,127.06,129.66,126.81,128.89,5612570
2023-05-30,129.56,130.0699,128.26,129.48,3741050
2023-05-31,128.51,129.44,127.46,128.59,11086313
2023-06-01,128.44,130.145,127.78,129.82,4136086
2023-06-02,130.38,133.12,130.15,132.42,5375796
2023-06-05,133.12,133.58,132.27,132.64,3993516
2023-06-06,132.43,132.94,131.88,132.69,3297951
2023-06-07,132.5,134.44,132.19,134.38,5772024
2023-06-08,134.69,135.98,134.01,134.41,4128939
2023-06-09,134.36,136.1,134.17,135.3,3981748
2023-06-12,136.0,136.62,135.8216,136.42,4500120
2023-06-13,136.51,138.17,136.0,137.6,3927331
2023-06-14,137.8,138.93,136.94,137.2,4514888
2023-06-15,137.27,138.8,137.175,138.4,3812582
2023-06-16,139.23,139.469,137.47,137.48,7473676
2023-06-20,136.36,137.23,135.89,135.96,4272511
2023-06-21,135.11,135.39,133.29,133.69,5501272
2023-06-22,131.68,132.96,130.68,131.17,6013021
2023-06-23,130.4,130.62,129.18,129.43,11324705
2023-06-26,129.39,131.41,129.31,131.34,4845649
2023-06-27,131.3,132.95,130.83,132.34,3219909
2023-06-28,132.06,132.17,130.91,131.76,2753779
2023-06-29,131.75,134.35,131.69,134.06,3639836
2023-06-30,134.69,135.03,133.425,133.81,4236677
